TIME,COUNTRY,SEX,VALUE
2012,Belgium,Total,61.7
2012,Belgium,Males,66.5
2012,Belgium,Females,56.9
2012,Bulgaria,Total,0
2012,Bulgaria,Males,0
2012,Bulgaria,Females,0
2012,Czechia,Total,73.5
2012,Czechia,Males,88.5
2012,Czechia,Females,53.2
2012,Denmark,Total,69.7
2012,Denmark,Males,75.5
2012,Denmark,Females,64.8
2012,Germany (until 1990 former territory of the FRG),Total,71.7
2012,Germany (until 1990 former territory of the FRG),Males,79.3
2012,Germany (until 1990 former territory of the FRG),Females,63.9
2012,Estonia,Total,56.1
2012,Estonia,Males,0
2012,Estonia,Females,0
2012,Ireland,Total,67.8
2012,Ireland,Males,72.7
2012,Ireland,Females,62.9
2012,Greece,Total,54.0
2012,Greece,Males,61.2
2012,Greece,Females,49.4
2012,Spain,Total,55.5
2012,Spain,Males,58.7
2012,Spain,Females,52.7
2012,France,Total,66.0
2012,France,Males,71.4
2012,France,Females,60.0
2012,Croatia,Total,71.8
2012,Croatia,Males,89.1
2012,Croatia,Females,0
2012,Italy,Total,65.8
2012,Italy,Males,74.2
2012,Italy,Females,60.2
2012,Cyprus,Total,70.9
2012,Cyprus,Males,75.9
2012,Cyprus,Females,65.8
2012,Latvia,Total,76.3
2012,Latvia,Males,0
2012,Latvia,Females,0
2012,Lithuania,Total,0
2012,Lithuania,Males,0
2012,Lithuania,Females,0
2012,Luxembourg,Total,71.0
2012,Luxembourg,Males,77.0
2012,Luxembourg,Females,64.6
2012,Hungary,Total,62.2
2012,Hungary,Males,79.9
2012,Hungary,Females,48.1
2012,Malta,Total,76.3
2012,Malta,Males,93.5
2012,Malta,Females,0
2012,Netherlands,Total,74.4
2012,Netherlands,Males,79.1
2012,Netherlands,Females,70.9
2012,Austria,Total,71.1
2012,Austria,Males,77.2
2012,Austria,Females,65.9
2012,Poland,Total,74.1
2012,Poland,Males,84.4
2012,Poland,Females,0
2012,Portugal,Total,66.5
2012,Portugal,Males,72.6
2012,Portugal,Females,61.8
2012,Romania,Total,0
2012,Romania,Males,0
2012,Romania,Females,0
2012,Slovenia,Total,72.7
2012,Slovenia,Males,86.3
2012,Slovenia,Females,59.6
2012,Slovakia,Total,70.4
2012,Slovakia,Males,0
2012,Slovakia,Females,0
2012,Finland,Total,73.5
2012,Finland,Males,77.3
2012,Finland,Females,69.6
2012,Sweden,Total,70.8
2012,Sweden,Males,75.6
2012,Sweden,Females,66.1
2012,Iceland,Total,80.9
2012,Iceland,Males,83.5
2012,Iceland,Females,78.4
2012,Norway,Total,84.2
2012,Norway,Males,87.8
2012,Norway,Females,79.4
2012,Switzerland,Total,80.9
2012,Switzerland,Males,85.5
2012,Switzerland,Females,75.0
2012,United Kingdom,Total,75.7
2012,United Kingdom,Males,83.1
2012,United Kingdom,Females,69.0
2012,Montenegro,Total,0
2012,Montenegro,Males,0
2012,Montenegro,Females,0
2012,North Macedonia,Total,0
2012,North Macedonia,Males,0
2012,North Macedonia,Females,0
2012,Serbia,Total,33.8
2012,Serbia,Males,0
2012,Serbia,Females,0
2013,Belgium,Total,60.6
2013,Belgium,Males,65.6
2013,Belgium,Females,55.3
2013,Bulgaria,Total,0
2013,Bulgaria,Males,0
2013,Bulgaria,Females,0
2013,Czechia,Total,74.1
2013,Czechia,Males,85.3
2013,Czechia,Females,61.7
2013,Denmark,Total,70.3
2013,Denmark,Males,76.3
2013,Denmark,Females,65.2
2013,Germany (until 1990 former territory of the FRG),Total,72.2
2013,Germany (until 1990 former territory of the FRG),Males,80.2
2013,Germany (until 1990 former territory of the FRG),Females,63.8
2013,Estonia,Total,63.3
2013,Estonia,Males,0
2013,Estonia,Females,57.9
2013,Ireland,Total,69.2
2013,Ireland,Males,75.1
2013,Ireland,Females,63.5
2013,Greece,Total,49.9
2013,Greece,Males,56.2
2013,Greece,Females,45.5
2013,Spain,Total,55.8
2013,Spain,Males,58.3
2013,Spain,Females,53.5
2013,France,Total,68.5
2013,France,Males,73.8
2013,France,Females,62.8
2013,Croatia,Total,63.4
2013,Croatia,Males,85.8
2013,Croatia,Females,0
2013,Italy,Total,63.4
2013,Italy,Males,71.5
2013,Italy,Females,58.0
2013,Cyprus,Total,65.2
2013,Cyprus,Males,70.2
2013,Cyprus,Females,60.4
2013,Latvia,Total,77.1
2013,Latvia,Males,0
2013,Latvia,Females,0
2013,Lithuania,Total,84.0
2013,Lithuania,Males,0
2013,Lithuania,Females,0
2013,Luxembourg,Total,70.2
2013,Luxembourg,Males,77.4
2013,Luxembourg,Females,62.5
2013,Hungary,Total,65.0
2013,Hungary,Males,83.2
2013,Hungary,Females,48.2
2013,Malta,Total,84.2
2013,Malta,Males,90.7
2013,Malta,Females,73.2
2013,Netherlands,Total,73.0
2013,Netherlands,Males,80.6
2013,Netherlands,Females,67.0
2013,Austria,Total,71.8
2013,Austria,Males,77.3
2013,Austria,Females,67.3
2013,Poland,Total,69.5
2013,Poland,Males,84.5
2013,Poland,Females,0
2013,Portugal,Total,57.9
2013,Portugal,Males,67.8
2013,Portugal,Females,49.8
2013,Romania,Total,0
2013,Romania,Males,0
2013,Romania,Females,0
2013,Slovenia,Total,57.0
2013,Slovenia,Males,78.9
2013,Slovenia,Females,34.8
2013,Slovakia,Total,78.6
2013,Slovakia,Males,84.0
2013,Slovakia,Females,0
2013,Finland,Total,69.2
2013,Finland,Males,71.3
2013,Finland,Females,67.1
2013,Sweden,Total,71.8
2013,Sweden,Males,75.9
2013,Sweden,Females,68.0
2013,Iceland,Total,83.9
2013,Iceland,Males,85.3
2013,Iceland,Females,82.5
2013,Norway,Total,81.8
2013,Norway,Males,86.0
2013,Norway,Females,75.7
2013,Switzerland,Total,80.4
2013,Switzerland,Males,85.0
2013,Switzerland,Females,74.5
2013,United Kingdom,Total,76.5
2013,United Kingdom,Males,83.9
2013,United Kingdom,Females,69.8
2013,Montenegro,Total,0
2013,Montenegro,Males,0
2013,Montenegro,Females,0
2013,North Macedonia,Total,0
2013,North Macedonia,Males,0
2013,North Macedonia,Females,0
2013,Serbia,Total,0
2013,Serbia,Males,0
2013,Serbia,Females,0
2014,Belgium,Total,62.5
2014,Belgium,Males,67.3
2014,Belgium,Females,57.5
2014,Bulgaria,Total,0
2014,Bulgaria,Males,0
2014,Bulgaria,Females,0
2014,Czechia,Total,72.5
2014,Czechia,Males,83.9
2014,Czechia,Females,61.2
2014,Denmark,Total,72.9
2014,Denmark,Males,79.2
2014,Denmark,Females,66.7
2014,Germany (until 1990 former territory of the FRG),Total,73.2
2014,Germany (until 1990 former territory of the FRG),Males,81.3
2014,Germany (until 1990 former territory of the FRG),Females,64.4
2014,Estonia,Total,79.8
2014,Estonia,Males,88.4
2014,Estonia,Females,70.6
2014,Ireland,Total,70.5
2014,Ireland,Males,77.0
2014,Ireland,Females,64.1
2014,Greece,Total,52.5
2014,Greece,Males,60.1
2014,Greece,Females,47.2
2014,Spain,Total,56.4
2014,Spain,Males,60.5
2014,Spain,Females,52.6
2014,France,Total,66.8
2014,France,Males,71.4
2014,France,Females,62.4
2014,Croatia,Total,0
2014,Croatia,Males,0
2014,Croatia,Females,0
2014,Italy,Total,62.5
2014,Italy,Males,70.8
2014,Italy,Females,56.9
2014,Cyprus,Total,68.3
2014,Cyprus,Males,72.1
2014,Cyprus,Females,64.5
2014,Latvia,Total,80.7
2014,Latvia,Males,0
2014,Latvia,Females,0
2014,Lithuania,Total,0
2014,Lithuania,Males,0
2014,Lithuania,Females,0
2014,Luxembourg,Total,71.5
2014,Luxembourg,Males,76.6
2014,Luxembourg,Females,65.9
2014,Hungary,Total,72.3
2014,Hungary,Males,86.0
2014,Hungary,Females,57.4
2014,Malta,Total,84.3
2014,Malta,Males,89.0
2014,Malta,Females,79.0
2014,Netherlands,Total,73.2
2014,Netherlands,Males,81.0
2014,Netherlands,Females,67.3
2014,Austria,Total,72.9
2014,Austria,Males,77.3
2014,Austria,Females,69.0
2014,Poland,Total,74.3
2014,Poland,Males,83.8
2014,Poland,Females,0
2014,Portugal,Total,61.5
2014,Portugal,Males,67.9
2014,Portugal,Females,55.5
2014,Romania,Total,0
2014,Romania,Males,0
2014,Romania,Females,0
2014,Slovenia,Total,61.9
2014,Slovenia,Males,73.8
2014,Slovenia,Females,48.4
2014,Slovakia,Total,80.3
2014,Slovakia,Males,100.0
2014,Slovakia,Females,0
2014,Finland,Total,70.3
2014,Finland,Males,73.1
2014,Finland,Females,67.3
2014,Sweden,Total,72.8
2014,Sweden,Males,77.1
2014,Sweden,Females,69.0
2014,Iceland,Total,86.2
2014,Iceland,Males,88.4
2014,Iceland,Females,84.2
2014,Norway,Total,80.7
2014,Norway,Males,83.2
2014,Norway,Females,76.9
2014,Switzerland,Total,80.9
2014,Switzerland,Males,85.3
2014,Switzerland,Females,75.1
2014,United Kingdom,Total,77.9
2014,United Kingdom,Males,85.5
2014,United Kingdom,Females,71.3
2014,Montenegro,Total,0
2014,Montenegro,Males,0
2014,Montenegro,Females,0
2014,North Macedonia,Total,0
2014,North Macedonia,Males,0
2014,North Macedonia,Females,0
2014,Serbia,Total,39.7
2014,Serbia,Males,61.9
2014,Serbia,Females,28.2
2015,Belgium,Total,63.0
2015,Belgium,Males,68.9
2015,Belgium,Females,57.1
2015,Bulgaria,Total,0
2015,Bulgaria,Males,0
2015,Bulgaria,Females,0
2015,Czechia,Total,75.7
2015,Czechia,Males,86.2
2015,Czechia,Females,64.6
2015,Denmark,Total,72.7
2015,Denmark,Males,80.3
2015,Denmark,Females,64.9
2015,Germany (until 1990 former territory of the FRG),Total,73.8
2015,Germany (until 1990 former territory of the FRG),Males,81.4
2015,Germany (until 1990 former territory of the FRG),Females,65.4
2015,Estonia,Total,59.0
2015,Estonia,Males,75.0
2015,Estonia,Females,0
2015,Ireland,Total,71.1
2015,Ireland,Males,78.8
2015,Ireland,Females,63.8
2015,Greece,Total,55.2
2015,Greece,Males,65.3
2015,Greece,Females,49.1
2015,Spain,Total,60.7
2015,Spain,Males,65.6
2015,Spain,Females,56.3
2015,France,Total,65.5
2015,France,Males,69.8
2015,France,Females,61.4
2015,Croatia,Total,0
2015,Croatia,Males,0
2015,Croatia,Females,0
2015,Italy,Total,63.2
2015,Italy,Males,71.0
2015,Italy,Females,57.7
2015,Cyprus,Total,67.8
2015,Cyprus,Males,73.4
2015,Cyprus,Females,62.4
2015,Latvia,Total,77.7
2015,Latvia,Males,0
2015,Latvia,Females,0
2015,Lithuania,Total,0
2015,Lithuania,Males,0
2015,Lithuania,Females,0
2015,Luxembourg,Total,70.2
2015,Luxembourg,Males,75.4
2015,Luxembourg,Females,64.7
2015,Hungary,Total,66.9
2015,Hungary,Males,75.8
2015,Hungary,Females,55.6
2015,Malta,Total,82.9
2015,Malta,Males,91.8
2015,Malta,Females,71.4
2015,Netherlands,Total,71.3
2015,Netherlands,Males,79.4
2015,Netherlands,Females,65.2
2015,Austria,Total,72.5
2015,Austria,Males,78.4
2015,Austria,Females,67.1
2015,Poland,Total,79.7
2015,Poland,Males,86.0
2015,Poland,Females,0
2015,Portugal,Total,73.0
2015,Portugal,Males,74.5
2015,Portugal,Females,71.9
2015,Romania,Total,0
2015,Romania,Males,0
2015,Romania,Females,0
2015,Slovenia,Total,60.1
2015,Slovenia,Males,71.9
2015,Slovenia,Females,50.1
2015,Slovakia,Total,75.6
2015,Slovakia,Males,87.9
2015,Slovakia,Females,0
2015,Finland,Total,69.8
2015,Finland,Males,73.4
2015,Finland,Females,66.3
2015,Sweden,Total,74.7
2015,Sweden,Males,81.1
2015,Sweden,Females,68.9
2015,Iceland,Total,84.0
2015,Iceland,Males,85.8
2015,Iceland,Females,82.0
2015,Norway,Total,80.1
2015,Norway,Males,82.6
2015,Norway,Females,76.8
2015,Switzerland,Total,81.0
2015,Switzerland,Males,85.0
2015,Switzerland,Females,75.9
2015,United Kingdom,Total,78.8
2015,United Kingdom,Males,84.5
2015,United Kingdom,Females,73.5
2015,Montenegro,Total,0
2015,Montenegro,Males,0
2015,Montenegro,Females,0
2015,North Macedonia,Total,0
2015,North Macedonia,Males,0
2015,North Macedonia,Females,0
2015,Serbia,Total,36.5
2015,Serbia,Males,49.2
2015,Serbia,Females,0
2016,Belgium,Total,64.3
2016,Belgium,Males,68.4
2016,Belgium,Females,59.9
2016,Bulgaria,Total,0
2016,Bulgaria,Males,0
2016,Bulgaria,Females,0
2016,Czechia,Total,82.7
2016,Czechia,Males,92.2
2016,Czechia,Females,70.4
2016,Denmark,Total,73.7
2016,Denmark,Males,79.7
2016,Denmark,Females,67.7
2016,Germany (until 1990 former territory of the FRG),Total,75.7
2016,Germany (until 1990 former territory of the FRG),Males,82.9
2016,Germany (until 1990 former territory of the FRG),Females,67.2
2016,Estonia,Total,70.7
2016,Estonia,Males,90.4
2016,Estonia,Females,0
2016,Ireland,Total,74.1
2016,Ireland,Males,82.2
2016,Ireland,Females,66.3
2016,Greece,Total,51.2
2016,Greece,Males,63.1
2016,Greece,Females,44.0
2016,Spain,Total,62.2
2016,Spain,Males,68.3
2016,Spain,Females,56.7
2016,France,Total,67.4
2016,France,Males,69.8
2016,France,Females,65.1
2016,Croatia,Total,43.1
2016,Croatia,Males,0
2016,Croatia,Females,0
2016,Italy,Total,63.1
2016,Italy,Males,70.9
2016,Italy,Females,57.9
2016,Cyprus,Total,69.3
2016,Cyprus,Males,75.9
2016,Cyprus,Females,62.8
2016,Latvia,Total,79.0
2016,Latvia,Males,0
2016,Latvia,Females,0
2016,Lithuania,Total,0
2016,Lithuania,Males,0
2016,Lithuania,Females,0
2016,Luxembourg,Total,69.6
2016,Luxembourg,Males,74.8
2016,Luxembourg,Females,64.1
2016,Hungary,Total,68.3
2016,Hungary,Males,75.3
2016,Hungary,Females,59.8
2016,Malta,Total,85.2
2016,Malta,Males,92.2
2016,Malta,Females,70.1
2016,Netherlands,Total,75.0
2016,Netherlands,Males,81.1
2016,Netherlands,Females,70.3
2016,Austria,Total,72.8
2016,Austria,Males,77.1
2016,Austria,Females,69.0
2016,Poland,Total,62.3
2016,Poland,Males,68.8
2016,Poland,Females,0
2016,Portugal,Total,71.0
2016,Portugal,Males,74.7
2016,Portugal,Females,68.4
2016,Romania,Total,0
2016,Romania,Males,0
2016,Romania,Females,0
2016,Slovenia,Total,64.9
2016,Slovenia,Males,83.0
2016,Slovenia,Females,53.4
2016,Slovakia,Total,76.8
2016,Slovakia,Males,87.2
2016,Slovakia,Females,0
2016,Finland,Total,71.7
2016,Finland,Males,79.1
2016,Finland,Females,64.2
2016,Sweden,Total,74.5
2016,Sweden,Males,78.1
2016,Sweden,Females,71.0
2016,Iceland,Total,89.1
2016,Iceland,Males,90.4
2016,Iceland,Females,87.6
2016,Norway,Total,81.8
2016,Norway,Males,85.2
2016,Norway,Females,77.5
2016,Switzerland,Total,81.3
2016,Switzerland,Males,84.7
2016,Switzerland,Females,77.0
2016,United Kingdom,Total,78.6
2016,United Kingdom,Males,86.1
2016,United Kingdom,Females,71.6
2016,Montenegro,Total,0
2016,Montenegro,Males,0
2016,Montenegro,Females,0
2016,North Macedonia,Total,0
2016,North Macedonia,Males,0
2016,North Macedonia,Females,0
2016,Serbia,Total,46.1
2016,Serbia,Males,75.0
2016,Serbia,Females,0
2017,Belgium,Total,65.0
2017,Belgium,Males,69.9
2017,Belgium,Females,60.0
2017,Bulgaria,Total,0
2017,Bulgaria,Males,0
2017,Bulgaria,Females,0
2017,Czechia,Total,84.9
2017,Czechia,Males,93.5
2017,Czechia,Females,74.6
2017,Denmark,Total,74.9
2017,Denmark,Males,79.6
2017,Denmark,Females,69.5
2017,Germany (until 1990 former territory of the FRG),Total,76.4
2017,Germany (until 1990 former territory of the FRG),Males,84.2
2017,Germany (until 1990 former territory of the FRG),Females,67.5
2017,Estonia,Total,75.8
2017,Estonia,Males,82.7
2017,Estonia,Females,66.0
2017,Ireland,Total,76.1
2017,Ireland,Males,82.8
2017,Ireland,Females,69.6
2017,Greece,Total,54.0
2017,Greece,Males,66.6
2017,Greece,Females,46.4
2017,Spain,Total,63.6
2017,Spain,Males,70.3
2017,Spain,Females,57.5
2017,France,Total,67.2
2017,France,Males,69.7
2017,France,Females,64.9
2017,Croatia,Total,55.3
2017,Croatia,Males,57.9
2017,Croatia,Females,0
2017,Italy,Total,63.7
2017,Italy,Males,72.1
2017,Italy,Females,58.0
2017,Cyprus,Total,71.7
2017,Cyprus,Males,79.3
2017,Cyprus,Females,64.3
2017,Latvia,Total,62.4
2017,Latvia,Males,0
2017,Latvia,Females,0
2017,Lithuania,Total,100.0
2017,Lithuania,Males,0
2017,Lithuania,Females,0
2017,Luxembourg,Total,71.4
2017,Luxembourg,Males,75.1
2017,Luxembourg,Females,67.4
2017,Hungary,Total,59.4
2017,Hungary,Males,68.1
2017,Hungary,Females,47.9
2017,Malta,Total,83.7
2017,Malta,Males,87.9
2017,Malta,Females,77.8
2017,Netherlands,Total,75.6
2017,Netherlands,Males,82.0
2017,Netherlands,Females,70.9
2017,Austria,Total,74.4
2017,Austria,Males,80.6
2017,Austria,Females,68.8
2017,Poland,Total,78.7
2017,Poland,Males,83.2
2017,Poland,Females,71.9
2017,Portugal,Total,71.7
2017,Portugal,Males,78.1
2017,Portugal,Females,66.8
2017,Romania,Total,0
2017,Romania,Males,0
2017,Romania,Females,0
2017,Slovenia,Total,73.0
2017,Slovenia,Males,78.4
2017,Slovenia,Females,67.4
2017,Slovakia,Total,78.7
2017,Slovakia,Males,91.4
2017,Slovakia,Females,68.7
2017,Finland,Total,72.5
2017,Finland,Males,79.2
2017,Finland,Females,65.0
2017,Sweden,Total,77.4
2017,Sweden,Males,80.8
2017,Sweden,Females,73.9
2017,Iceland,Total,93.5
2017,Iceland,Males,93.9
2017,Iceland,Females,92.9
2017,Norway,Total,80.6
2017,Norway,Males,85.5
2017,Norway,Females,74.4
2017,Switzerland,Total,81.8
2017,Switzerland,Males,86.5
2017,Switzerland,Females,75.8
2017,United Kingdom,Total,80.0
2017,United Kingdom,Males,87.6
2017,United Kingdom,Females,72.8
2017,Montenegro,Total,0
2017,Montenegro,Males,0
2017,Montenegro,Females,0
2017,North Macedonia,Total,0
2017,North Macedonia,Males,0
2017,North Macedonia,Females,0
2017,Serbia,Total,50.6
2017,Serbia,Males,76.7
2017,Serbia,Females,37.7
2018,Belgium,Total,65.9
2018,Belgium,Males,71.2
2018,Belgium,Females,60.5
2018,Bulgaria,Total,0
2018,Bulgaria,Males,0
2018,Bulgaria,Females,0
2018,Czechia,Total,84.9
2018,Czechia,Males,95.6
2018,Czechia,Females,71.5
2018,Denmark,Total,73.1
2018,Denmark,Males,80.2
2018,Denmark,Females,65.8
2018,Germany (until 1990 former territory of the FRG),Total,77.3
2018,Germany (until 1990 former territory of the FRG),Males,84.6
2018,Germany (until 1990 former territory of the FRG),Females,69.0
2018,Estonia,Total,65.3
2018,Estonia,Males,75.5
2018,Estonia,Females,52.8
2018,Ireland,Total,78.1
2018,Ireland,Males,85.2
2018,Ireland,Females,71.4
2018,Greece,Total,50.3
2018,Greece,Males,66.0
2018,Greece,Females,41.5
2018,Spain,Total,65.2
2018,Spain,Males,72.3
2018,Spain,Females,58.6
2018,France,Total,69.9
2018,France,Males,74.4
2018,France,Females,65.5
2018,Croatia,Total,71.5
2018,Croatia,Males,73.4
2018,Croatia,Females,70.4
2018,Italy,Total,63.4
2018,Italy,Males,74.7
2018,Italy,Females,55.8
2018,Cyprus,Total,72.3
2018,Cyprus,Males,79.6
2018,Cyprus,Females,65.8
2018,Latvia,Total,66.3
2018,Latvia,Males,0
2018,Latvia,Females,0
2018,Lithuania,Total,94.8
2018,Lithuania,Males,0
2018,Lithuania,Females,0
2018,Luxembourg,Total,73.3
2018,Luxembourg,Males,76.4
2018,Luxembourg,Females,70.0
2018,Hungary,Total,66.5
2018,Hungary,Males,80.2
2018,Hungary,Females,52.9
2018,Malta,Total,84.9
2018,Malta,Males,88.7
2018,Malta,Females,79.7
2018,Netherlands,Total,74.8
2018,Netherlands,Males,83.4
2018,Netherlands,Females,68.1
2018,Austria,Total,73.8
2018,Austria,Males,80.1
2018,Austria,Females,68.1
2018,Poland,Total,85.2
2018,Poland,Males,92.2
2018,Poland,Females,0
2018,Portugal,Total,73.8
2018,Portugal,Males,76.3
2018,Portugal,Females,72.0
2018,Romania,Total,0
2018,Romania,Males,0
2018,Romania,Females,0
2018,Slovenia,Total,81.1
2018,Slovenia,Males,82.3
2018,Slovenia,Females,80.1
2018,Slovakia,Total,66.8
2018,Slovakia,Males,0
2018,Slovakia,Females,0
2018,Finland,Total,71.6
2018,Finland,Males,77.7
2018,Finland,Females,64.4
2018,Sweden,Total,79.2
2018,Sweden,Males,81.9
2018,Sweden,Females,76.4
2018,Iceland,Total,87.7
2018,Iceland,Males,91.2
2018,Iceland,Females,82.7
2018,Norway,Total,80.3
2018,Norway,Males,84.0
2018,Norway,Females,75.9
2018,Switzerland,Total,82.2
2018,Switzerland,Males,86.0
2018,Switzerland,Females,77.4
2018,United Kingdom,Total,82.0
2018,United Kingdom,Males,89.0
2018,United Kingdom,Females,75.6
2018,Montenegro,Total,0
2018,Montenegro,Males,0
2018,Montenegro,Females,0
2018,North Macedonia,Total,0
2018,North Macedonia,Males,0
2018,North Macedonia,Females,0
2018,Serbia,Total,64.6
2018,Serbia,Males,68.0
2018,Serbia,Females,61.8
2019,Belgium,Total,66.7
2019,Belgium,Males,71.7
2019,Belgium,Females,61.8
2019,Bulgaria,Total,0
2019,Bulgaria,Males,0
2019,Bulgaria,Females,0
2019,Czechia,Total,84.3
2019,Czechia,Males,93.4
2019,Czechia,Females,73.4
2019,Denmark,Total,77.2
2019,Denmark,Males,83.1
2019,Denmark,Females,71.1
2019,Germany (until 1990 former territory of the FRG),Total,78.2
2019,Germany (until 1990 former territory of the FRG),Males,85.2
2019,Germany (until 1990 former territory of the FRG),Females,70.4
2019,Estonia,Total,73.5
2019,Estonia,Males,78.2
2019,Estonia,Females,68.8
2019,Ireland,Total,77.5
2019,Ireland,Males,84.6
2019,Ireland,Females,70.8
2019,Greece,Total,48.6
2019,Greece,Males,62.9
2019,Greece,Females,40.5
2019,Spain,Total,68.3
2019,Spain,Males,75.2
2019,Spain,Females,61.8
2019,France,Total,69.4
2019,France,Males,73.9
2019,France,Females,64.9
2019,Croatia,Total,77.5
2019,Croatia,Males,67.2
2019,Croatia,Females,85.6
2019,Italy,Total,62.7
2019,Italy,Males,74.0
2019,Italy,Females,54.9
2019,Cyprus,Total,77.0
2019,Cyprus,Males,83.0
2019,Cyprus,Females,71.4
2019,Latvia,Total,0
2019,Latvia,Males,0
2019,Latvia,Females,0
2019,Lithuania,Total,75.3
2019,Lithuania,Males,100.0
2019,Lithuania,Females,0
2019,Luxembourg,Total,73.1
2019,Luxembourg,Males,77.1
2019,Luxembourg,Females,68.8
2019,Hungary,Total,70.1
2019,Hungary,Males,78.7
2019,Hungary,Females,61.7
2019,Malta,Total,85.2
2019,Malta,Males,88.0
2019,Malta,Females,82.2
2019,Netherlands,Total,76.2
2019,Netherlands,Males,81.0
2019,Netherlands,Females,72.2
2019,Austria,Total,74.2
2019,Austria,Males,79.4
2019,Austria,Females,69.6
2019,Poland,Total,71.9
2019,Poland,Males,79.3
2019,Poland,Females,0
2019,Portugal,Total,76.4
2019,Portugal,Males,85.1
2019,Portugal,Females,68.8
2019,Romania,Total,0
2019,Romania,Males,0
2019,Romania,Females,0
2019,Slovenia,Total,80.6
2019,Slovenia,Males,85.1
2019,Slovenia,Females,76.2
2019,Slovakia,Total,82.4
2019,Slovakia,Males,89.4
2019,Slovakia,Females,0
2019,Finland,Total,75.8
2019,Finland,Males,78.3
2019,Finland,Females,72.9
2019,Sweden,Total,76.0
2019,Sweden,Males,78.6
2019,Sweden,Females,72.8
2019,Iceland,Total,88.1
2019,Iceland,Males,89.4
2019,Iceland,Females,86.5
2019,Norway,Total,80.8
2019,Norway,Males,84.1
2019,Norway,Females,76.9
2019,Switzerland,Total,83.1
2019,Switzerland,Males,86.5
2019,Switzerland,Females,79.0
2019,United Kingdom,Total,82.1
2019,United Kingdom,Males,87.4
2019,United Kingdom,Females,77.2
2019,Montenegro,Total,0
2019,Montenegro,Males,0
2019,Montenegro,Females,0
2019,North Macedonia,Total,0
2019,North Macedonia,Males,0
2019,North Macedonia,Females,0
2019,Serbia,Total,53.4
2019,Serbia,Males,0
2019,Serbia,Females,0
2020,Belgium,Total,66.6
2020,Belgium,Males,71.6
2020,Belgium,Females,61.6
2020,Bulgaria,Total,0
2020,Bulgaria,Males,0
2020,Bulgaria,Females,0
2020,Czechia,Total,82.4
2020,Czechia,Males,90.8
2020,Czechia,Females,72.4
2020,Denmark,Total,78.1
2020,Denmark,Males,82.4
2020,Denmark,Females,73.3
2020,Germany (until 1990 former territory of the FRG),Total,75.7
2020,Germany (until 1990 former territory of the FRG),Males,81.2
2020,Germany (until 1990 former territory of the FRG),Females,69.6
2020,Estonia,Total,74.7
2020,Estonia,Males,76.2
2020,Estonia,Females,72.7
2020,Ireland,Total,73.5
2020,Ireland,Males,80.4
2020,Ireland,Females,67.0
2020,Greece,Total,48.6
2020,Greece,Males,61.6
2020,Greece,Females,42.3
2020,Spain,Total,61.7
2020,Spain,Males,69.1
2020,Spain,Females,55.0
2020,France,Total,70.0
2020,France,Males,74.5
2020,France,Females,65.6
2020,Croatia,Total,63.7
2020,Croatia,Males,68.0
2020,Croatia,Females,0
2020,Italy,Total,58.8
2020,Italy,Males,70.8
2020,Italy,Females,50.3
2020,Cyprus,Total,73.6
2020,Cyprus,Males,82.4
2020,Cyprus,Females,65.2
2020,Latvia,Total,81.1
2020,Latvia,Males,0
2020,Latvia,Females,0
2020,Lithuania,Total,71.8
2020,Lithuania,Males,88.7
2020,Lithuania,Females,0
2020,Luxembourg,Total,71.9
2020,Luxembourg,Males,75.0
2020,Luxembourg,Females,68.4
2020,Hungary,Total,65.1
2020,Hungary,Males,69.4
2020,Hungary,Females,62.0
2020,Malta,Total,89.9
2020,Malta,Males,95.0
2020,Malta,Females,84.1
2020,Netherlands,Total,75.9
2020,Netherlands,Males,80.8
2020,Netherlands,Females,72.1
2020,Austria,Total,73.4
2020,Austria,Males,77.5
2020,Austria,Females,69.7
2020,Poland,Total,77.0
2020,Poland,Males,0
2020,Poland,Females,0
2020,Portugal,Total,78.7
2020,Portugal,Males,86.3
2020,Portugal,Females,72.1
2020,Romania,Total,0
2020,Romania,Males,0
2020,Romania,Females,0
2020,Slovenia,Total,75.8
2020,Slovenia,Males,87.6
2020,Slovenia,Females,61.7
2020,Slovakia,Total,64.9
2020,Slovakia,Males,0
2020,Slovakia,Females,0
2020,Finland,Total,74.7
2020,Finland,Males,75.3
2020,Finland,Females,74.1
2020,Sweden,Total,76.5
2020,Sweden,Males,80.1
2020,Sweden,Females,72.8
2020,Iceland,Total,77.0
2020,Iceland,Males,74.2
2020,Iceland,Females,79.9
2020,Norway,Total,77.8
2020,Norway,Males,79.6
2020,Norway,Females,75.6
2020,Switzerland,Total,82.3
2020,Switzerland,Males,85.7
2020,Switzerland,Females,78.1
2020,United Kingdom,Total,0
2020,United Kingdom,Males,0
2020,United Kingdom,Females,0
2020,Montenegro,Total,0
2020,Montenegro,Males,0
2020,Montenegro,Females,0
2020,North Macedonia,Total,0
2020,North Macedonia,Males,0
2020,North Macedonia,Females,0
2020,Serbia,Total,0
2020,Serbia,Males,0
2020,Serbia,Females,0
2021,Belgium,Total,68.7
2021,Belgium,Males,74.6
2021,Belgium,Females,62.8
2021,Bulgaria,Total,0
2021,Bulgaria,Males,0
2021,Bulgaria,Females,0
2021,Czechia,Total,83.9
2021,Czechia,Males,93.5
2021,Czechia,Females,71.4
2021,Denmark,Total,80.1
2021,Denmark,Males,83.7
2021,Denmark,Females,75.7
2021,Germany (until 1990 former territory of the FRG),Total,76.2
2021,Germany (until 1990 former territory of the FRG),Males,82.5
2021,Germany (until 1990 former territory of the FRG),Females,69.3
2021,Estonia,Total,77.8
2021,Estonia,Males,82.2
2021,Estonia,Females,67.2
2021,Ireland,Total,75.0
2021,Ireland,Males,80.6
2021,Ireland,Females,69.5
2021,Greece,Total,47.5
2021,Greece,Males,60.9
2021,Greece,Females,40.2
2021,Spain,Total,61.9
2021,Spain,Males,70.0
2021,Spain,Females,54.5
2021,France,Total,70.2
2021,France,Males,74.5
2021,France,Females,66.2
2021,Croatia,Total,0
2021,Croatia,Males,0
2021,Croatia,Females,0
2021,Italy,Total,60.8
2021,Italy,Males,72.8
2021,Italy,Females,52.7
2021,Cyprus,Total,73.5
2021,Cyprus,Males,81.8
2021,Cyprus,Females,65.1
2021,Latvia,Total,79.4
2021,Latvia,Males,88.7
2021,Latvia,Females,0
2021,Lithuania,Total,92.3
2021,Lithuania,Males,89.3
2021,Lithuania,Females,0
2021,Luxembourg,Total,74.0
2021,Luxembourg,Males,76.9
2021,Luxembourg,Females,70.7
2021,Hungary,Total,80.6
2021,Hungary,Males,81.3
2021,Hungary,Females,80.0
2021,Malta,Total,87.4
2021,Malta,Males,92.3
2021,Malta,Females,80.9
2021,Netherlands,Total,77.1
2021,Netherlands,Males,83.7
2021,Netherlands,Females,71.1
2021,Austria,Total,73.1
2021,Austria,Males,78.5
2021,Austria,Females,68.1
2021,Poland,Total,83.1
2021,Poland,Males,0
2021,Poland,Females,0
2021,Portugal,Total,83.0
2021,Portugal,Males,87.0
2021,Portugal,Females,80.7
2021,Romania,Total,0
2021,Romania,Males,0
2021,Romania,Females,0
2021,Slovenia,Total,78.5
2021,Slovenia,Males,83.3
2021,Slovenia,Females,73.0
2021,Slovakia,Total,78.2
2021,Slovakia,Males,78.9
2021,Slovakia,Females,0
2021,Finland,Total,75.8
2021,Finland,Males,82.7
2021,Finland,Females,67.6
2021,Sweden,Total,79.6
2021,Sweden,Males,85.5
2021,Sweden,Females,74.0
2021,Iceland,Total,78.0
2021,Iceland,Males,81.9
2021,Iceland,Females,73.8
2021,Norway,Total,80.0
2021,Norway,Males,82.4
2021,Norway,Females,76.9
2021,Switzerland,Total,80.7
2021,Switzerland,Males,84.2
2021,Switzerland,Females,76.2
2021,United Kingdom,Total,0
2021,United Kingdom,Males,0
2021,United Kingdom,Females,0
2021,Montenegro,Total,0
2021,Montenegro,Males,0
2021,Montenegro,Females,0
2021,North Macedonia,Total,0
2021,North Macedonia,Males,0
2021,North Macedonia,Females,0
2021,Serbia,Total,44.4
2021,Serbia,Males,0
2021,Serbia,Females,42.1
