TIME,COUNTRY,DEG_URB,SEX,Value,Flag and Footnotes
2012,Belgium,TotalAll ISCED 2011 levels ,Total,61.7,
2012,Belgium,TotalAll ISCED 2011 levels ,Males,66.5,
2012,Belgium,TotalAll ISCED 2011 levels ,Females,56.9,
2012,Bulgaria,TotalAll ISCED 2011 levels ,Total,:,u
2012,Bulgaria,TotalAll ISCED 2011 levels ,Males,:,u
2012,Bulgaria,TotalAll ISCED 2011 levels ,Females,:,c
2012,Czechia,TotalAll ISCED 2011 levels ,Total,73.5,
2012,Czechia,TotalAll ISCED 2011 levels ,Males,88.5,
2012,Czechia,TotalAll ISCED 2011 levels ,Females,53.2,
2012,Denmark,TotalAll ISCED 2011 levels ,Total,69.7,
2012,Denmark,TotalAll ISCED 2011 levels ,Males,75.5,
2012,Denmark,TotalAll ISCED 2011 levels ,Females,64.8,
2012,Germany (until 1990 former territory of the FRG),TotalAll ISCED 2011 levels ,Total,71.7,b
2012,Germany (until 1990 former territory of the FRG),TotalAll ISCED 2011 levels ,Males,79.3,b
2012,Germany (until 1990 former territory of the FRG),TotalAll ISCED 2011 levels ,Females,63.9,b
2012,Estonia,TotalAll ISCED 2011 levels ,Total,56.1,u
2012,Estonia,TotalAll ISCED 2011 levels ,Males,:,u
2012,Estonia,TotalAll ISCED 2011 levels ,Females,:,u
2012,Ireland,TotalAll ISCED 2011 levels ,Total,67.8,
2012,Ireland,TotalAll ISCED 2011 levels ,Males,72.7,
2012,Ireland,TotalAll ISCED 2011 levels ,Females,62.9,
2012,Greece,TotalAll ISCED 2011 levels ,Total,54.0,
2012,Greece,TotalAll ISCED 2011 levels ,Males,61.2,
2012,Greece,TotalAll ISCED 2011 levels ,Females,49.4,
2012,Spain,TotalAll ISCED 2011 levels ,Total,55.5,
2012,Spain,TotalAll ISCED 2011 levels ,Males,58.7,
2012,Spain,TotalAll ISCED 2011 levels ,Females,52.7,
2012,France,TotalAll ISCED 2011 levels ,Total,66.0,
2012,France,TotalAll ISCED 2011 levels ,Males,71.4,
2012,France,TotalAll ISCED 2011 levels ,Females,60.0,
2012,Croatia,TotalAll ISCED 2011 levels ,Total,71.8,u
2012,Croatia,TotalAll ISCED 2011 levels ,Males,89.1,u
2012,Croatia,TotalAll ISCED 2011 levels ,Females,:,c
2012,Italy,TotalAll ISCED 2011 levels ,Total,65.8,
2012,Italy,TotalAll ISCED 2011 levels ,Males,74.2,
2012,Italy,TotalAll ISCED 2011 levels ,Females,60.2,
2012,Cyprus,TotalAll ISCED 2011 levels ,Total,70.9,
2012,Cyprus,TotalAll ISCED 2011 levels ,Males,75.9,
2012,Cyprus,TotalAll ISCED 2011 levels ,Females,65.8,
2012,Latvia,TotalAll ISCED 2011 levels ,Total,76.3,u
2012,Latvia,TotalAll ISCED 2011 levels ,Males,:,u
2012,Latvia,TotalAll ISCED 2011 levels ,Females,:,u
2012,Lithuania,TotalAll ISCED 2011 levels ,Total,:,u
2012,Lithuania,TotalAll ISCED 2011 levels ,Males,:,u
2012,Lithuania,TotalAll ISCED 2011 levels ,Females,:,u
2012,Luxembourg,TotalAll ISCED 2011 levels ,Total,71.0,
2012,Luxembourg,TotalAll ISCED 2011 levels ,Males,77.0,
2012,Luxembourg,TotalAll ISCED 2011 levels ,Females,64.6,
2012,Hungary,TotalAll ISCED 2011 levels ,Total,62.2,
2012,Hungary,TotalAll ISCED 2011 levels ,Males,79.9,
2012,Hungary,TotalAll ISCED 2011 levels ,Females,48.1,
2012,Malta,TotalAll ISCED 2011 levels ,Total,76.3,
2012,Malta,TotalAll ISCED 2011 levels ,Males,93.5,u
2012,Malta,TotalAll ISCED 2011 levels ,Females,:,u
2012,Netherlands,TotalAll ISCED 2011 levels ,Total,74.4,
2012,Netherlands,TotalAll ISCED 2011 levels ,Males,79.1,
2012,Netherlands,TotalAll ISCED 2011 levels ,Females,70.9,
2012,Austria,TotalAll ISCED 2011 levels ,Total,71.1,
2012,Austria,TotalAll ISCED 2011 levels ,Males,77.2,
2012,Austria,TotalAll ISCED 2011 levels ,Females,65.9,
2012,Poland,TotalAll ISCED 2011 levels ,Total,74.1,u
2012,Poland,TotalAll ISCED 2011 levels ,Males,84.4,u
2012,Poland,TotalAll ISCED 2011 levels ,Females,:,u
2012,Portugal,TotalAll ISCED 2011 levels ,Total,66.5,
2012,Portugal,TotalAll ISCED 2011 levels ,Males,72.6,
2012,Portugal,TotalAll ISCED 2011 levels ,Females,61.8,
2012,Romania,TotalAll ISCED 2011 levels ,Total,:,u
2012,Romania,TotalAll ISCED 2011 levels ,Males,:,u
2012,Romania,TotalAll ISCED 2011 levels ,Females,:,c
2012,Slovenia,TotalAll ISCED 2011 levels ,Total,72.7,u
2012,Slovenia,TotalAll ISCED 2011 levels ,Males,86.3,u
2012,Slovenia,TotalAll ISCED 2011 levels ,Females,59.6,u
2012,Slovakia,TotalAll ISCED 2011 levels ,Total,70.4,u
2012,Slovakia,TotalAll ISCED 2011 levels ,Males,:,u
2012,Slovakia,TotalAll ISCED 2011 levels ,Females,:,u
2012,Finland,TotalAll ISCED 2011 levels ,Total,73.5,
2012,Finland,TotalAll ISCED 2011 levels ,Males,77.3,
2012,Finland,TotalAll ISCED 2011 levels ,Females,69.6,
2012,Sweden,TotalAll ISCED 2011 levels ,Total,70.8,
2012,Sweden,TotalAll ISCED 2011 levels ,Males,75.6,
2012,Sweden,TotalAll ISCED 2011 levels ,Females,66.1,
2012,Iceland,TotalAll ISCED 2011 levels ,Total,80.9,
2012,Iceland,TotalAll ISCED 2011 levels ,Males,83.5,
2012,Iceland,TotalAll ISCED 2011 levels ,Females,78.4,
2012,Norway,TotalAll ISCED 2011 levels ,Total,84.2,
2012,Norway,TotalAll ISCED 2011 levels ,Males,87.8,
2012,Norway,TotalAll ISCED 2011 levels ,Females,79.4,
2012,Switzerland,TotalAll ISCED 2011 levels ,Total,80.9,
2012,Switzerland,TotalAll ISCED 2011 levels ,Males,85.5,
2012,Switzerland,TotalAll ISCED 2011 levels ,Females,75.0,
2012,United Kingdom,TotalAll ISCED 2011 levels ,Total,75.7,
2012,United Kingdom,TotalAll ISCED 2011 levels ,Males,83.1,
2012,United Kingdom,TotalAll ISCED 2011 levels ,Females,69.0,
2012,Montenegro,TotalAll ISCED 2011 levels ,Total,:,u
2012,Montenegro,TotalAll ISCED 2011 levels ,Males,:,u
2012,Montenegro,TotalAll ISCED 2011 levels ,Females,:,u
2012,North Macedonia,TotalAll ISCED 2011 levels ,Total,:,u
2012,North Macedonia,TotalAll ISCED 2011 levels ,Males,:,u
2012,North Macedonia,TotalAll ISCED 2011 levels ,Females,:,u
2012,Serbia,TotalAll ISCED 2011 levels ,Total,33.8,u
2012,Serbia,TotalAll ISCED 2011 levels ,Males,:,u
2012,Serbia,TotalAll ISCED 2011 levels ,Females,:,u
2012,Turkey,TotalAll ISCED 2011 levels ,Total,:,
2012,Turkey,TotalAll ISCED 2011 levels ,Males,:,
2012,Turkey,TotalAll ISCED 2011 levels ,Females,:,
2013,Belgium,TotalAll ISCED 2011 levels ,Total,60.6,
2013,Belgium,TotalAll ISCED 2011 levels ,Males,65.6,
2013,Belgium,TotalAll ISCED 2011 levels ,Females,55.3,
2013,Bulgaria,TotalAll ISCED 2011 levels ,Total,:,u
2013,Bulgaria,TotalAll ISCED 2011 levels ,Males,:,u
2013,Bulgaria,TotalAll ISCED 2011 levels ,Females,:,u
2013,Czechia,TotalAll ISCED 2011 levels ,Total,74.1,
2013,Czechia,TotalAll ISCED 2011 levels ,Males,85.3,
2013,Czechia,TotalAll ISCED 2011 levels ,Females,61.7,
2013,Denmark,TotalAll ISCED 2011 levels ,Total,70.3,
2013,Denmark,TotalAll ISCED 2011 levels ,Males,76.3,
2013,Denmark,TotalAll ISCED 2011 levels ,Females,65.2,
2013,Germany (until 1990 former territory of the FRG),TotalAll ISCED 2011 levels ,Total,72.2,
2013,Germany (until 1990 former territory of the FRG),TotalAll ISCED 2011 levels ,Males,80.2,
2013,Germany (until 1990 former territory of the FRG),TotalAll ISCED 2011 levels ,Females,63.8,
2013,Estonia,TotalAll ISCED 2011 levels ,Total,63.3,u
2013,Estonia,TotalAll ISCED 2011 levels ,Males,:,u
2013,Estonia,TotalAll ISCED 2011 levels ,Females,57.9,u
2013,Ireland,TotalAll ISCED 2011 levels ,Total,69.2,
2013,Ireland,TotalAll ISCED 2011 levels ,Males,75.1,
2013,Ireland,TotalAll ISCED 2011 levels ,Females,63.5,
2013,Greece,TotalAll ISCED 2011 levels ,Total,49.9,
2013,Greece,TotalAll ISCED 2011 levels ,Males,56.2,
2013,Greece,TotalAll ISCED 2011 levels ,Females,45.5,
2013,Spain,TotalAll ISCED 2011 levels ,Total,55.8,
2013,Spain,TotalAll ISCED 2011 levels ,Males,58.3,
2013,Spain,TotalAll ISCED 2011 levels ,Females,53.5,
2013,France,TotalAll ISCED 2011 levels ,Total,68.5,
2013,France,TotalAll ISCED 2011 levels ,Males,73.8,
2013,France,TotalAll ISCED 2011 levels ,Females,62.8,
2013,Croatia,TotalAll ISCED 2011 levels ,Total,63.4,u
2013,Croatia,TotalAll ISCED 2011 levels ,Males,85.8,u
2013,Croatia,TotalAll ISCED 2011 levels ,Females,:,c
2013,Italy,TotalAll ISCED 2011 levels ,Total,63.4,
2013,Italy,TotalAll ISCED 2011 levels ,Males,71.5,
2013,Italy,TotalAll ISCED 2011 levels ,Females,58.0,
2013,Cyprus,TotalAll ISCED 2011 levels ,Total,65.2,
2013,Cyprus,TotalAll ISCED 2011 levels ,Males,70.2,
2013,Cyprus,TotalAll ISCED 2011 levels ,Females,60.4,
2013,Latvia,TotalAll ISCED 2011 levels ,Total,77.1,u
2013,Latvia,TotalAll ISCED 2011 levels ,Males,:,u
2013,Latvia,TotalAll ISCED 2011 levels ,Females,:,u
2013,Lithuania,TotalAll ISCED 2011 levels ,Total,84.0,u
2013,Lithuania,TotalAll ISCED 2011 levels ,Males,:,u
2013,Lithuania,TotalAll ISCED 2011 levels ,Females,:,u
2013,Luxembourg,TotalAll ISCED 2011 levels ,Total,70.2,
2013,Luxembourg,TotalAll ISCED 2011 levels ,Males,77.4,
2013,Luxembourg,TotalAll ISCED 2011 levels ,Females,62.5,
2013,Hungary,TotalAll ISCED 2011 levels ,Total,65.0,
2013,Hungary,TotalAll ISCED 2011 levels ,Males,83.2,
2013,Hungary,TotalAll ISCED 2011 levels ,Females,48.2,
2013,Malta,TotalAll ISCED 2011 levels ,Total,84.2,
2013,Malta,TotalAll ISCED 2011 levels ,Males,90.7,
2013,Malta,TotalAll ISCED 2011 levels ,Females,73.2,u
2013,Netherlands,TotalAll ISCED 2011 levels ,Total,73.0,
2013,Netherlands,TotalAll ISCED 2011 levels ,Males,80.6,
2013,Netherlands,TotalAll ISCED 2011 levels ,Females,67.0,
2013,Austria,TotalAll ISCED 2011 levels ,Total,71.8,
2013,Austria,TotalAll ISCED 2011 levels ,Males,77.3,
2013,Austria,TotalAll ISCED 2011 levels ,Females,67.3,
2013,Poland,TotalAll ISCED 2011 levels ,Total,69.5,u
2013,Poland,TotalAll ISCED 2011 levels ,Males,84.5,u
2013,Poland,TotalAll ISCED 2011 levels ,Females,:,u
2013,Portugal,TotalAll ISCED 2011 levels ,Total,57.9,
2013,Portugal,TotalAll ISCED 2011 levels ,Males,67.8,
2013,Portugal,TotalAll ISCED 2011 levels ,Females,49.8,
2013,Romania,TotalAll ISCED 2011 levels ,Total,:,u
2013,Romania,TotalAll ISCED 2011 levels ,Males,:,u
2013,Romania,TotalAll ISCED 2011 levels ,Females,:,
2013,Slovenia,TotalAll ISCED 2011 levels ,Total,57.0,u
2013,Slovenia,TotalAll ISCED 2011 levels ,Males,78.9,u
2013,Slovenia,TotalAll ISCED 2011 levels ,Females,34.8,u
2013,Slovakia,TotalAll ISCED 2011 levels ,Total,78.6,
2013,Slovakia,TotalAll ISCED 2011 levels ,Males,84.0,u
2013,Slovakia,TotalAll ISCED 2011 levels ,Females,:,u
2013,Finland,TotalAll ISCED 2011 levels ,Total,69.2,
2013,Finland,TotalAll ISCED 2011 levels ,Males,71.3,
2013,Finland,TotalAll ISCED 2011 levels ,Females,67.1,
2013,Sweden,TotalAll ISCED 2011 levels ,Total,71.8,
2013,Sweden,TotalAll ISCED 2011 levels ,Males,75.9,
2013,Sweden,TotalAll ISCED 2011 levels ,Females,68.0,
2013,Iceland,TotalAll ISCED 2011 levels ,Total,83.9,
2013,Iceland,TotalAll ISCED 2011 levels ,Males,85.3,
2013,Iceland,TotalAll ISCED 2011 levels ,Females,82.5,
2013,Norway,TotalAll ISCED 2011 levels ,Total,81.8,
2013,Norway,TotalAll ISCED 2011 levels ,Males,86.0,
2013,Norway,TotalAll ISCED 2011 levels ,Females,75.7,
2013,Switzerland,TotalAll ISCED 2011 levels ,Total,80.4,
2013,Switzerland,TotalAll ISCED 2011 levels ,Males,85.0,
2013,Switzerland,TotalAll ISCED 2011 levels ,Females,74.5,
2013,United Kingdom,TotalAll ISCED 2011 levels ,Total,76.5,
2013,United Kingdom,TotalAll ISCED 2011 levels ,Males,83.9,
2013,United Kingdom,TotalAll ISCED 2011 levels ,Females,69.8,
2013,Montenegro,TotalAll ISCED 2011 levels ,Total,:,u
2013,Montenegro,TotalAll ISCED 2011 levels ,Males,:,u
2013,Montenegro,TotalAll ISCED 2011 levels ,Females,:,u
2013,North Macedonia,TotalAll ISCED 2011 levels ,Total,:,u
2013,North Macedonia,TotalAll ISCED 2011 levels ,Males,:,c
2013,North Macedonia,TotalAll ISCED 2011 levels ,Females,:,u
2013,Serbia,TotalAll ISCED 2011 levels ,Total,:,u
2013,Serbia,TotalAll ISCED 2011 levels ,Males,:,u
2013,Serbia,TotalAll ISCED 2011 levels ,Females,:,u
2013,Turkey,TotalAll ISCED 2011 levels ,Total,:,
2013,Turkey,TotalAll ISCED 2011 levels ,Males,:,
2013,Turkey,TotalAll ISCED 2011 levels ,Females,:,
2014,Belgium,TotalAll ISCED 2011 levels ,Total,62.5,
2014,Belgium,TotalAll ISCED 2011 levels ,Males,67.3,
2014,Belgium,TotalAll ISCED 2011 levels ,Females,57.5,
2014,Bulgaria,TotalAll ISCED 2011 levels ,Total,:,u
2014,Bulgaria,TotalAll ISCED 2011 levels ,Males,:,u
2014,Bulgaria,TotalAll ISCED 2011 levels ,Females,:,u
2014,Czechia,TotalAll ISCED 2011 levels ,Total,72.5,
2014,Czechia,TotalAll ISCED 2011 levels ,Males,83.9,
2014,Czechia,TotalAll ISCED 2011 levels ,Females,61.2,
2014,Denmark,TotalAll ISCED 2011 levels ,Total,72.9,
2014,Denmark,TotalAll ISCED 2011 levels ,Males,79.2,
2014,Denmark,TotalAll ISCED 2011 levels ,Females,66.7,
2014,Germany (until 1990 former territory of the FRG),TotalAll ISCED 2011 levels ,Total,73.2,
2014,Germany (until 1990 former territory of the FRG),TotalAll ISCED 2011 levels ,Males,81.3,
2014,Germany (until 1990 former territory of the FRG),TotalAll ISCED 2011 levels ,Females,64.4,
2014,Estonia,TotalAll ISCED 2011 levels ,Total,79.8,
2014,Estonia,TotalAll ISCED 2011 levels ,Males,88.4,u
2014,Estonia,TotalAll ISCED 2011 levels ,Females,70.6,u
2014,Ireland,TotalAll ISCED 2011 levels ,Total,70.5,
2014,Ireland,TotalAll ISCED 2011 levels ,Males,77.0,
2014,Ireland,TotalAll ISCED 2011 levels ,Females,64.1,
2014,Greece,TotalAll ISCED 2011 levels ,Total,52.5,
2014,Greece,TotalAll ISCED 2011 levels ,Males,60.1,
2014,Greece,TotalAll ISCED 2011 levels ,Females,47.2,
2014,Spain,TotalAll ISCED 2011 levels ,Total,56.4,
2014,Spain,TotalAll ISCED 2011 levels ,Males,60.5,
2014,Spain,TotalAll ISCED 2011 levels ,Females,52.6,
2014,France,TotalAll ISCED 2011 levels ,Total,66.8,b
2014,France,TotalAll ISCED 2011 levels ,Males,71.4,b
2014,France,TotalAll ISCED 2011 levels ,Females,62.4,b
2014,Croatia,TotalAll ISCED 2011 levels ,Total,:,u
2014,Croatia,TotalAll ISCED 2011 levels ,Males,:,u
2014,Croatia,TotalAll ISCED 2011 levels ,Females,:,u
2014,Italy,TotalAll ISCED 2011 levels ,Total,62.5,
2014,Italy,TotalAll ISCED 2011 levels ,Males,70.8,
2014,Italy,TotalAll ISCED 2011 levels ,Females,56.9,
2014,Cyprus,TotalAll ISCED 2011 levels ,Total,68.3,
2014,Cyprus,TotalAll ISCED 2011 levels ,Males,72.1,
2014,Cyprus,TotalAll ISCED 2011 levels ,Females,64.5,
2014,Latvia,TotalAll ISCED 2011 levels ,Total,80.7,u
2014,Latvia,TotalAll ISCED 2011 levels ,Males,:,u
2014,Latvia,TotalAll ISCED 2011 levels ,Females,:,u
2014,Lithuania,TotalAll ISCED 2011 levels ,Total,:,u
2014,Lithuania,TotalAll ISCED 2011 levels ,Males,:,u
2014,Lithuania,TotalAll ISCED 2011 levels ,Females,:,u
2014,Luxembourg,TotalAll ISCED 2011 levels ,Total,71.5,
2014,Luxembourg,TotalAll ISCED 2011 levels ,Males,76.6,
2014,Luxembourg,TotalAll ISCED 2011 levels ,Females,65.9,
2014,Hungary,TotalAll ISCED 2011 levels ,Total,72.3,
2014,Hungary,TotalAll ISCED 2011 levels ,Males,86.0,
2014,Hungary,TotalAll ISCED 2011 levels ,Females,57.4,
2014,Malta,TotalAll ISCED 2011 levels ,Total,84.3,
2014,Malta,TotalAll ISCED 2011 levels ,Males,89.0,
2014,Malta,TotalAll ISCED 2011 levels ,Females,79.0,
2014,Netherlands,TotalAll ISCED 2011 levels ,Total,73.2,
2014,Netherlands,TotalAll ISCED 2011 levels ,Males,81.0,
2014,Netherlands,TotalAll ISCED 2011 levels ,Females,67.3,
2014,Austria,TotalAll ISCED 2011 levels ,Total,72.9,
2014,Austria,TotalAll ISCED 2011 levels ,Males,77.3,
2014,Austria,TotalAll ISCED 2011 levels ,Females,69.0,
2014,Poland,TotalAll ISCED 2011 levels ,Total,74.3,u
2014,Poland,TotalAll ISCED 2011 levels ,Males,83.8,u
2014,Poland,TotalAll ISCED 2011 levels ,Females,:,u
2014,Portugal,TotalAll ISCED 2011 levels ,Total,61.5,
2014,Portugal,TotalAll ISCED 2011 levels ,Males,67.9,
2014,Portugal,TotalAll ISCED 2011 levels ,Females,55.5,
2014,Romania,TotalAll ISCED 2011 levels ,Total,:,u
2014,Romania,TotalAll ISCED 2011 levels ,Males,:,u
2014,Romania,TotalAll ISCED 2011 levels ,Females,:,
2014,Slovenia,TotalAll ISCED 2011 levels ,Total,61.9,
2014,Slovenia,TotalAll ISCED 2011 levels ,Males,73.8,u
2014,Slovenia,TotalAll ISCED 2011 levels ,Females,48.4,u
2014,Slovakia,TotalAll ISCED 2011 levels ,Total,80.3,
2014,Slovakia,TotalAll ISCED 2011 levels ,Males,100.0,
2014,Slovakia,TotalAll ISCED 2011 levels ,Females,:,u
2014,Finland,TotalAll ISCED 2011 levels ,Total,70.3,
2014,Finland,TotalAll ISCED 2011 levels ,Males,73.1,
2014,Finland,TotalAll ISCED 2011 levels ,Females,67.3,
2014,Sweden,TotalAll ISCED 2011 levels ,Total,72.8,
2014,Sweden,TotalAll ISCED 2011 levels ,Males,77.1,
2014,Sweden,TotalAll ISCED 2011 levels ,Females,69.0,
2014,Iceland,TotalAll ISCED 2011 levels ,Total,86.2,
2014,Iceland,TotalAll ISCED 2011 levels ,Males,88.4,
2014,Iceland,TotalAll ISCED 2011 levels ,Females,84.2,
2014,Norway,TotalAll ISCED 2011 levels ,Total,80.7,
2014,Norway,TotalAll ISCED 2011 levels ,Males,83.2,
2014,Norway,TotalAll ISCED 2011 levels ,Females,76.9,
2014,Switzerland,TotalAll ISCED 2011 levels ,Total,80.9,
2014,Switzerland,TotalAll ISCED 2011 levels ,Males,85.3,
2014,Switzerland,TotalAll ISCED 2011 levels ,Females,75.1,
2014,United Kingdom,TotalAll ISCED 2011 levels ,Total,77.9,
2014,United Kingdom,TotalAll ISCED 2011 levels ,Males,85.5,
2014,United Kingdom,TotalAll ISCED 2011 levels ,Females,71.3,
2014,Montenegro,TotalAll ISCED 2011 levels ,Total,:,u
2014,Montenegro,TotalAll ISCED 2011 levels ,Males,:,u
2014,Montenegro,TotalAll ISCED 2011 levels ,Females,:,u
2014,North Macedonia,TotalAll ISCED 2011 levels ,Total,:,u
2014,North Macedonia,TotalAll ISCED 2011 levels ,Males,:,c
2014,North Macedonia,TotalAll ISCED 2011 levels ,Females,:,c
2014,Serbia,TotalAll ISCED 2011 levels ,Total,39.7,bu
2014,Serbia,TotalAll ISCED 2011 levels ,Males,61.9,bu
2014,Serbia,TotalAll ISCED 2011 levels ,Females,28.2,bu
2014,Turkey,TotalAll ISCED 2011 levels ,Total,:,
2014,Turkey,TotalAll ISCED 2011 levels ,Males,:,
2014,Turkey,TotalAll ISCED 2011 levels ,Females,:,
2015,Belgium,TotalAll ISCED 2011 levels ,Total,63.0,
2015,Belgium,TotalAll ISCED 2011 levels ,Males,68.9,
2015,Belgium,TotalAll ISCED 2011 levels ,Females,57.1,
2015,Bulgaria,TotalAll ISCED 2011 levels ,Total,:,u
2015,Bulgaria,TotalAll ISCED 2011 levels ,Males,:,u
2015,Bulgaria,TotalAll ISCED 2011 levels ,Females,:,u
2015,Czechia,TotalAll ISCED 2011 levels ,Total,75.7,
2015,Czechia,TotalAll ISCED 2011 levels ,Males,86.2,
2015,Czechia,TotalAll ISCED 2011 levels ,Females,64.6,
2015,Denmark,TotalAll ISCED 2011 levels ,Total,72.7,
2015,Denmark,TotalAll ISCED 2011 levels ,Males,80.3,
2015,Denmark,TotalAll ISCED 2011 levels ,Females,64.9,
2015,Germany (until 1990 former territory of the FRG),TotalAll ISCED 2011 levels ,Total,73.8,
2015,Germany (until 1990 former territory of the FRG),TotalAll ISCED 2011 levels ,Males,81.4,
2015,Germany (until 1990 former territory of the FRG),TotalAll ISCED 2011 levels ,Females,65.4,
2015,Estonia,TotalAll ISCED 2011 levels ,Total,59.0,
2015,Estonia,TotalAll ISCED 2011 levels ,Males,75.0,u
2015,Estonia,TotalAll ISCED 2011 levels ,Females,:,u
2015,Ireland,TotalAll ISCED 2011 levels ,Total,71.1,
2015,Ireland,TotalAll ISCED 2011 levels ,Males,78.8,
2015,Ireland,TotalAll ISCED 2011 levels ,Females,63.8,
2015,Greece,TotalAll ISCED 2011 levels ,Total,55.2,
2015,Greece,TotalAll ISCED 2011 levels ,Males,65.3,
2015,Greece,TotalAll ISCED 2011 levels ,Females,49.1,
2015,Spain,TotalAll ISCED 2011 levels ,Total,60.7,
2015,Spain,TotalAll ISCED 2011 levels ,Males,65.6,
2015,Spain,TotalAll ISCED 2011 levels ,Females,56.3,
2015,France,TotalAll ISCED 2011 levels ,Total,65.5,
2015,France,TotalAll ISCED 2011 levels ,Males,69.8,
2015,France,TotalAll ISCED 2011 levels ,Females,61.4,
2015,Croatia,TotalAll ISCED 2011 levels ,Total,:,u
2015,Croatia,TotalAll ISCED 2011 levels ,Males,:,c
2015,Croatia,TotalAll ISCED 2011 levels ,Females,:,u
2015,Italy,TotalAll ISCED 2011 levels ,Total,63.2,
2015,Italy,TotalAll ISCED 2011 levels ,Males,71.0,
2015,Italy,TotalAll ISCED 2011 levels ,Females,57.7,
2015,Cyprus,TotalAll ISCED 2011 levels ,Total,67.8,
2015,Cyprus,TotalAll ISCED 2011 levels ,Males,73.4,
2015,Cyprus,TotalAll ISCED 2011 levels ,Females,62.4,
2015,Latvia,TotalAll ISCED 2011 levels ,Total,77.7,
2015,Latvia,TotalAll ISCED 2011 levels ,Males,:,u
2015,Latvia,TotalAll ISCED 2011 levels ,Females,:,u
2015,Lithuania,TotalAll ISCED 2011 levels ,Total,:,u
2015,Lithuania,TotalAll ISCED 2011 levels ,Males,:,u
2015,Lithuania,TotalAll ISCED 2011 levels ,Females,:,u
2015,Luxembourg,TotalAll ISCED 2011 levels ,Total,70.2,b
2015,Luxembourg,TotalAll ISCED 2011 levels ,Males,75.4,b
2015,Luxembourg,TotalAll ISCED 2011 levels ,Females,64.7,b
2015,Hungary,TotalAll ISCED 2011 levels ,Total,66.9,
2015,Hungary,TotalAll ISCED 2011 levels ,Males,75.8,
2015,Hungary,TotalAll ISCED 2011 levels ,Females,55.6,
2015,Malta,TotalAll ISCED 2011 levels ,Total,82.9,
2015,Malta,TotalAll ISCED 2011 levels ,Males,91.8,
2015,Malta,TotalAll ISCED 2011 levels ,Females,71.4,
2015,Netherlands,TotalAll ISCED 2011 levels ,Total,71.3,
2015,Netherlands,TotalAll ISCED 2011 levels ,Males,79.4,
2015,Netherlands,TotalAll ISCED 2011 levels ,Females,65.2,
2015,Austria,TotalAll ISCED 2011 levels ,Total,72.5,
2015,Austria,TotalAll ISCED 2011 levels ,Males,78.4,
2015,Austria,TotalAll ISCED 2011 levels ,Females,67.1,
2015,Poland,TotalAll ISCED 2011 levels ,Total,79.7,u
2015,Poland,TotalAll ISCED 2011 levels ,Males,86.0,u
2015,Poland,TotalAll ISCED 2011 levels ,Females,:,u
2015,Portugal,TotalAll ISCED 2011 levels ,Total,73.0,
2015,Portugal,TotalAll ISCED 2011 levels ,Males,74.5,
2015,Portugal,TotalAll ISCED 2011 levels ,Females,71.9,
2015,Romania,TotalAll ISCED 2011 levels ,Total,:,u
2015,Romania,TotalAll ISCED 2011 levels ,Males,:,u
2015,Romania,TotalAll ISCED 2011 levels ,Females,:,u
2015,Slovenia,TotalAll ISCED 2011 levels ,Total,60.1,
2015,Slovenia,TotalAll ISCED 2011 levels ,Males,71.9,u
2015,Slovenia,TotalAll ISCED 2011 levels ,Females,50.1,u
2015,Slovakia,TotalAll ISCED 2011 levels ,Total,75.6,
2015,Slovakia,TotalAll ISCED 2011 levels ,Males,87.9,u
2015,Slovakia,TotalAll ISCED 2011 levels ,Females,:,u
2015,Finland,TotalAll ISCED 2011 levels ,Total,69.8,
2015,Finland,TotalAll ISCED 2011 levels ,Males,73.4,
2015,Finland,TotalAll ISCED 2011 levels ,Females,66.3,
2015,Sweden,TotalAll ISCED 2011 levels ,Total,74.7,
2015,Sweden,TotalAll ISCED 2011 levels ,Males,81.1,
2015,Sweden,TotalAll ISCED 2011 levels ,Females,68.9,
2015,Iceland,TotalAll ISCED 2011 levels ,Total,84.0,
2015,Iceland,TotalAll ISCED 2011 levels ,Males,85.8,
2015,Iceland,TotalAll ISCED 2011 levels ,Females,82.0,
2015,Norway,TotalAll ISCED 2011 levels ,Total,80.1,
2015,Norway,TotalAll ISCED 2011 levels ,Males,82.6,
2015,Norway,TotalAll ISCED 2011 levels ,Females,76.8,
2015,Switzerland,TotalAll ISCED 2011 levels ,Total,81.0,
2015,Switzerland,TotalAll ISCED 2011 levels ,Males,85.0,
2015,Switzerland,TotalAll ISCED 2011 levels ,Females,75.9,
2015,United Kingdom,TotalAll ISCED 2011 levels ,Total,78.8,
2015,United Kingdom,TotalAll ISCED 2011 levels ,Males,84.5,
2015,United Kingdom,TotalAll ISCED 2011 levels ,Females,73.5,
2015,Montenegro,TotalAll ISCED 2011 levels ,Total,:,u
2015,Montenegro,TotalAll ISCED 2011 levels ,Males,:,u
2015,Montenegro,TotalAll ISCED 2011 levels ,Females,:,u
2015,North Macedonia,TotalAll ISCED 2011 levels ,Total,:,u
2015,North Macedonia,TotalAll ISCED 2011 levels ,Males,:,c
2015,North Macedonia,TotalAll ISCED 2011 levels ,Females,:,c
2015,Serbia,TotalAll ISCED 2011 levels ,Total,36.5,u
2015,Serbia,TotalAll ISCED 2011 levels ,Males,49.2,u
2015,Serbia,TotalAll ISCED 2011 levels ,Females,:,u
2015,Turkey,TotalAll ISCED 2011 levels ,Total,:,
2015,Turkey,TotalAll ISCED 2011 levels ,Males,:,
2015,Turkey,TotalAll ISCED 2011 levels ,Females,:,
2016,Belgium,TotalAll ISCED 2011 levels ,Total,64.3,
2016,Belgium,TotalAll ISCED 2011 levels ,Males,68.4,
2016,Belgium,TotalAll ISCED 2011 levels ,Females,59.9,
2016,Bulgaria,TotalAll ISCED 2011 levels ,Total,:,u
2016,Bulgaria,TotalAll ISCED 2011 levels ,Males,:,u
2016,Bulgaria,TotalAll ISCED 2011 levels ,Females,:,u
2016,Czechia,TotalAll ISCED 2011 levels ,Total,82.7,
2016,Czechia,TotalAll ISCED 2011 levels ,Males,92.2,
2016,Czechia,TotalAll ISCED 2011 levels ,Females,70.4,
2016,Denmark,TotalAll ISCED 2011 levels ,Total,73.7,b
2016,Denmark,TotalAll ISCED 2011 levels ,Males,79.7,b
2016,Denmark,TotalAll ISCED 2011 levels ,Females,67.7,b
2016,Germany (until 1990 former territory of the FRG),TotalAll ISCED 2011 levels ,Total,75.7,
2016,Germany (until 1990 former territory of the FRG),TotalAll ISCED 2011 levels ,Males,82.9,
2016,Germany (until 1990 former territory of the FRG),TotalAll ISCED 2011 levels ,Females,67.2,
2016,Estonia,TotalAll ISCED 2011 levels ,Total,70.7,
2016,Estonia,TotalAll ISCED 2011 levels ,Males,90.4,u
2016,Estonia,TotalAll ISCED 2011 levels ,Females,:,u
2016,Ireland,TotalAll ISCED 2011 levels ,Total,74.1,
2016,Ireland,TotalAll ISCED 2011 levels ,Males,82.2,
2016,Ireland,TotalAll ISCED 2011 levels ,Females,66.3,
2016,Greece,TotalAll ISCED 2011 levels ,Total,51.2,
2016,Greece,TotalAll ISCED 2011 levels ,Males,63.1,
2016,Greece,TotalAll ISCED 2011 levels ,Females,44.0,
2016,Spain,TotalAll ISCED 2011 levels ,Total,62.2,
2016,Spain,TotalAll ISCED 2011 levels ,Males,68.3,
2016,Spain,TotalAll ISCED 2011 levels ,Females,56.7,
2016,France,TotalAll ISCED 2011 levels ,Total,67.4,
2016,France,TotalAll ISCED 2011 levels ,Males,69.8,
2016,France,TotalAll ISCED 2011 levels ,Females,65.1,
2016,Croatia,TotalAll ISCED 2011 levels ,Total,43.1,u
2016,Croatia,TotalAll ISCED 2011 levels ,Males,:,u
2016,Croatia,TotalAll ISCED 2011 levels ,Females,:,u
2016,Italy,TotalAll ISCED 2011 levels ,Total,63.1,
2016,Italy,TotalAll ISCED 2011 levels ,Males,70.9,
2016,Italy,TotalAll ISCED 2011 levels ,Females,57.9,
2016,Cyprus,TotalAll ISCED 2011 levels ,Total,69.3,
2016,Cyprus,TotalAll ISCED 2011 levels ,Males,75.9,
2016,Cyprus,TotalAll ISCED 2011 levels ,Females,62.8,
2016,Latvia,TotalAll ISCED 2011 levels ,Total,79.0,u
2016,Latvia,TotalAll ISCED 2011 levels ,Males,:,u
2016,Latvia,TotalAll ISCED 2011 levels ,Females,:,u
2016,Lithuania,TotalAll ISCED 2011 levels ,Total,:,u
2016,Lithuania,TotalAll ISCED 2011 levels ,Males,:,u
2016,Lithuania,TotalAll ISCED 2011 levels ,Females,:,u
2016,Luxembourg,TotalAll ISCED 2011 levels ,Total,69.6,
2016,Luxembourg,TotalAll ISCED 2011 levels ,Males,74.8,
2016,Luxembourg,TotalAll ISCED 2011 levels ,Females,64.1,
2016,Hungary,TotalAll ISCED 2011 levels ,Total,68.3,
2016,Hungary,TotalAll ISCED 2011 levels ,Males,75.3,
2016,Hungary,TotalAll ISCED 2011 levels ,Females,59.8,
2016,Malta,TotalAll ISCED 2011 levels ,Total,85.2,
2016,Malta,TotalAll ISCED 2011 levels ,Males,92.2,
2016,Malta,TotalAll ISCED 2011 levels ,Females,70.1,
2016,Netherlands,TotalAll ISCED 2011 levels ,Total,75.0,
2016,Netherlands,TotalAll ISCED 2011 levels ,Males,81.1,
2016,Netherlands,TotalAll ISCED 2011 levels ,Females,70.3,
2016,Austria,TotalAll ISCED 2011 levels ,Total,72.8,
2016,Austria,TotalAll ISCED 2011 levels ,Males,77.1,
2016,Austria,TotalAll ISCED 2011 levels ,Females,69.0,
2016,Poland,TotalAll ISCED 2011 levels ,Total,62.3,u
2016,Poland,TotalAll ISCED 2011 levels ,Males,68.8,u
2016,Poland,TotalAll ISCED 2011 levels ,Females,:,u
2016,Portugal,TotalAll ISCED 2011 levels ,Total,71.0,
2016,Portugal,TotalAll ISCED 2011 levels ,Males,74.7,
2016,Portugal,TotalAll ISCED 2011 levels ,Females,68.4,
2016,Romania,TotalAll ISCED 2011 levels ,Total,:,u
2016,Romania,TotalAll ISCED 2011 levels ,Males,:,u
2016,Romania,TotalAll ISCED 2011 levels ,Females,:,u
2016,Slovenia,TotalAll ISCED 2011 levels ,Total,64.9,
2016,Slovenia,TotalAll ISCED 2011 levels ,Males,83.0,u
2016,Slovenia,TotalAll ISCED 2011 levels ,Females,53.4,u
2016,Slovakia,TotalAll ISCED 2011 levels ,Total,76.8,
2016,Slovakia,TotalAll ISCED 2011 levels ,Males,87.2,u
2016,Slovakia,TotalAll ISCED 2011 levels ,Females,:,u
2016,Finland,TotalAll ISCED 2011 levels ,Total,71.7,
2016,Finland,TotalAll ISCED 2011 levels ,Males,79.1,
2016,Finland,TotalAll ISCED 2011 levels ,Females,64.2,
2016,Sweden,TotalAll ISCED 2011 levels ,Total,74.5,
2016,Sweden,TotalAll ISCED 2011 levels ,Males,78.1,
2016,Sweden,TotalAll ISCED 2011 levels ,Females,71.0,
2016,Iceland,TotalAll ISCED 2011 levels ,Total,89.1,
2016,Iceland,TotalAll ISCED 2011 levels ,Males,90.4,
2016,Iceland,TotalAll ISCED 2011 levels ,Females,87.6,
2016,Norway,TotalAll ISCED 2011 levels ,Total,81.8,
2016,Norway,TotalAll ISCED 2011 levels ,Males,85.2,
2016,Norway,TotalAll ISCED 2011 levels ,Females,77.5,
2016,Switzerland,TotalAll ISCED 2011 levels ,Total,81.3,
2016,Switzerland,TotalAll ISCED 2011 levels ,Males,84.7,
2016,Switzerland,TotalAll ISCED 2011 levels ,Females,77.0,
2016,United Kingdom,TotalAll ISCED 2011 levels ,Total,78.6,
2016,United Kingdom,TotalAll ISCED 2011 levels ,Males,86.1,
2016,United Kingdom,TotalAll ISCED 2011 levels ,Females,71.6,
2016,Montenegro,TotalAll ISCED 2011 levels ,Total,:,u
2016,Montenegro,TotalAll ISCED 2011 levels ,Males,:,u
2016,Montenegro,TotalAll ISCED 2011 levels ,Females,:,u
2016,North Macedonia,TotalAll ISCED 2011 levels ,Total,:,u
2016,North Macedonia,TotalAll ISCED 2011 levels ,Males,:,c
2016,North Macedonia,TotalAll ISCED 2011 levels ,Females,:,c
2016,Serbia,TotalAll ISCED 2011 levels ,Total,46.1,u
2016,Serbia,TotalAll ISCED 2011 levels ,Males,75.0,u
2016,Serbia,TotalAll ISCED 2011 levels ,Females,:,u
2016,Turkey,TotalAll ISCED 2011 levels ,Total,:,
2016,Turkey,TotalAll ISCED 2011 levels ,Males,:,
2016,Turkey,TotalAll ISCED 2011 levels ,Females,:,
2017,Belgium,TotalAll ISCED 2011 levels ,Total,65.0,b
2017,Belgium,TotalAll ISCED 2011 levels ,Males,69.9,b
2017,Belgium,TotalAll ISCED 2011 levels ,Females,60.0,b
2017,Bulgaria,TotalAll ISCED 2011 levels ,Total,:,u
2017,Bulgaria,TotalAll ISCED 2011 levels ,Males,:,u
2017,Bulgaria,TotalAll ISCED 2011 levels ,Females,:,u
2017,Czechia,TotalAll ISCED 2011 levels ,Total,84.9,
2017,Czechia,TotalAll ISCED 2011 levels ,Males,93.5,
2017,Czechia,TotalAll ISCED 2011 levels ,Females,74.6,
2017,Denmark,TotalAll ISCED 2011 levels ,Total,74.9,b
2017,Denmark,TotalAll ISCED 2011 levels ,Males,79.6,b
2017,Denmark,TotalAll ISCED 2011 levels ,Females,69.5,b
2017,Germany (until 1990 former territory of the FRG),TotalAll ISCED 2011 levels ,Total,76.4,
2017,Germany (until 1990 former territory of the FRG),TotalAll ISCED 2011 levels ,Males,84.2,
2017,Germany (until 1990 former territory of the FRG),TotalAll ISCED 2011 levels ,Females,67.5,
2017,Estonia,TotalAll ISCED 2011 levels ,Total,75.8,
2017,Estonia,TotalAll ISCED 2011 levels ,Males,82.7,
2017,Estonia,TotalAll ISCED 2011 levels ,Females,66.0,u
2017,Ireland,TotalAll ISCED 2011 levels ,Total,76.1,b
2017,Ireland,TotalAll ISCED 2011 levels ,Males,82.8,b
2017,Ireland,TotalAll ISCED 2011 levels ,Females,69.6,b
2017,Greece,TotalAll ISCED 2011 levels ,Total,54.0,
2017,Greece,TotalAll ISCED 2011 levels ,Males,66.6,
2017,Greece,TotalAll ISCED 2011 levels ,Females,46.4,
2017,Spain,TotalAll ISCED 2011 levels ,Total,63.6,
2017,Spain,TotalAll ISCED 2011 levels ,Males,70.3,
2017,Spain,TotalAll ISCED 2011 levels ,Females,57.5,
2017,France,TotalAll ISCED 2011 levels ,Total,67.2,
2017,France,TotalAll ISCED 2011 levels ,Males,69.7,
2017,France,TotalAll ISCED 2011 levels ,Females,64.9,
2017,Croatia,TotalAll ISCED 2011 levels ,Total,55.3,u
2017,Croatia,TotalAll ISCED 2011 levels ,Males,57.9,u
2017,Croatia,TotalAll ISCED 2011 levels ,Females,:,u
2017,Italy,TotalAll ISCED 2011 levels ,Total,63.7,
2017,Italy,TotalAll ISCED 2011 levels ,Males,72.1,
2017,Italy,TotalAll ISCED 2011 levels ,Females,58.0,
2017,Cyprus,TotalAll ISCED 2011 levels ,Total,71.7,
2017,Cyprus,TotalAll ISCED 2011 levels ,Males,79.3,
2017,Cyprus,TotalAll ISCED 2011 levels ,Females,64.3,
2017,Latvia,TotalAll ISCED 2011 levels ,Total,62.4,u
2017,Latvia,TotalAll ISCED 2011 levels ,Males,:,u
2017,Latvia,TotalAll ISCED 2011 levels ,Females,:,u
2017,Lithuania,TotalAll ISCED 2011 levels ,Total,100.0,u
2017,Lithuania,TotalAll ISCED 2011 levels ,Males,:,u
2017,Lithuania,TotalAll ISCED 2011 levels ,Females,:,u
2017,Luxembourg,TotalAll ISCED 2011 levels ,Total,71.4,
2017,Luxembourg,TotalAll ISCED 2011 levels ,Males,75.1,
2017,Luxembourg,TotalAll ISCED 2011 levels ,Females,67.4,
2017,Hungary,TotalAll ISCED 2011 levels ,Total,59.4,
2017,Hungary,TotalAll ISCED 2011 levels ,Males,68.1,
2017,Hungary,TotalAll ISCED 2011 levels ,Females,47.9,u
2017,Malta,TotalAll ISCED 2011 levels ,Total,83.7,
2017,Malta,TotalAll ISCED 2011 levels ,Males,87.9,
2017,Malta,TotalAll ISCED 2011 levels ,Females,77.8,
2017,Netherlands,TotalAll ISCED 2011 levels ,Total,75.6,
2017,Netherlands,TotalAll ISCED 2011 levels ,Males,82.0,
2017,Netherlands,TotalAll ISCED 2011 levels ,Females,70.9,
2017,Austria,TotalAll ISCED 2011 levels ,Total,74.4,
2017,Austria,TotalAll ISCED 2011 levels ,Males,80.6,
2017,Austria,TotalAll ISCED 2011 levels ,Females,68.8,
2017,Poland,TotalAll ISCED 2011 levels ,Total,78.7,
2017,Poland,TotalAll ISCED 2011 levels ,Males,83.2,u
2017,Poland,TotalAll ISCED 2011 levels ,Females,71.9,u
2017,Portugal,TotalAll ISCED 2011 levels ,Total,71.7,
2017,Portugal,TotalAll ISCED 2011 levels ,Males,78.1,
2017,Portugal,TotalAll ISCED 2011 levels ,Females,66.8,
2017,Romania,TotalAll ISCED 2011 levels ,Total,:,u
2017,Romania,TotalAll ISCED 2011 levels ,Males,:,u
2017,Romania,TotalAll ISCED 2011 levels ,Females,:,c
2017,Slovenia,TotalAll ISCED 2011 levels ,Total,73.0,
2017,Slovenia,TotalAll ISCED 2011 levels ,Males,78.4,u
2017,Slovenia,TotalAll ISCED 2011 levels ,Females,67.4,u
2017,Slovakia,TotalAll ISCED 2011 levels ,Total,78.7,
2017,Slovakia,TotalAll ISCED 2011 levels ,Males,91.4,u
2017,Slovakia,TotalAll ISCED 2011 levels ,Females,68.7,u
2017,Finland,TotalAll ISCED 2011 levels ,Total,72.5,
2017,Finland,TotalAll ISCED 2011 levels ,Males,79.2,
2017,Finland,TotalAll ISCED 2011 levels ,Females,65.0,
2017,Sweden,TotalAll ISCED 2011 levels ,Total,77.4,
2017,Sweden,TotalAll ISCED 2011 levels ,Males,80.8,
2017,Sweden,TotalAll ISCED 2011 levels ,Females,73.9,
2017,Iceland,TotalAll ISCED 2011 levels ,Total,93.5,
2017,Iceland,TotalAll ISCED 2011 levels ,Males,93.9,
2017,Iceland,TotalAll ISCED 2011 levels ,Females,92.9,
2017,Norway,TotalAll ISCED 2011 levels ,Total,80.6,
2017,Norway,TotalAll ISCED 2011 levels ,Males,85.5,
2017,Norway,TotalAll ISCED 2011 levels ,Females,74.4,
2017,Switzerland,TotalAll ISCED 2011 levels ,Total,81.8,
2017,Switzerland,TotalAll ISCED 2011 levels ,Males,86.5,
2017,Switzerland,TotalAll ISCED 2011 levels ,Females,75.8,
2017,United Kingdom,TotalAll ISCED 2011 levels ,Total,80.0,
2017,United Kingdom,TotalAll ISCED 2011 levels ,Males,87.6,
2017,United Kingdom,TotalAll ISCED 2011 levels ,Females,72.8,
2017,Montenegro,TotalAll ISCED 2011 levels ,Total,:,u
2017,Montenegro,TotalAll ISCED 2011 levels ,Males,:,u
2017,Montenegro,TotalAll ISCED 2011 levels ,Females,:,u
2017,North Macedonia,TotalAll ISCED 2011 levels ,Total,:,u
2017,North Macedonia,TotalAll ISCED 2011 levels ,Males,:,u
2017,North Macedonia,TotalAll ISCED 2011 levels ,Females,:,u
2017,Serbia,TotalAll ISCED 2011 levels ,Total,50.6,u
2017,Serbia,TotalAll ISCED 2011 levels ,Males,76.7,u
2017,Serbia,TotalAll ISCED 2011 levels ,Females,37.7,u
2017,Turkey,TotalAll ISCED 2011 levels ,Total,:,
2017,Turkey,TotalAll ISCED 2011 levels ,Males,:,
2017,Turkey,TotalAll ISCED 2011 levels ,Females,:,
2018,Belgium,TotalAll ISCED 2011 levels ,Total,65.9,
2018,Belgium,TotalAll ISCED 2011 levels ,Males,71.2,
2018,Belgium,TotalAll ISCED 2011 levels ,Females,60.5,
2018,Bulgaria,TotalAll ISCED 2011 levels ,Total,:,u
2018,Bulgaria,TotalAll ISCED 2011 levels ,Males,:,u
2018,Bulgaria,TotalAll ISCED 2011 levels ,Females,:,u
2018,Czechia,TotalAll ISCED 2011 levels ,Total,84.9,
2018,Czechia,TotalAll ISCED 2011 levels ,Males,95.6,
2018,Czechia,TotalAll ISCED 2011 levels ,Females,71.5,
2018,Denmark,TotalAll ISCED 2011 levels ,Total,73.1,
2018,Denmark,TotalAll ISCED 2011 levels ,Males,80.2,
2018,Denmark,TotalAll ISCED 2011 levels ,Females,65.8,
2018,Germany (until 1990 former territory of the FRG),TotalAll ISCED 2011 levels ,Total,77.3,
2018,Germany (until 1990 former territory of the FRG),TotalAll ISCED 2011 levels ,Males,84.6,
2018,Germany (until 1990 former territory of the FRG),TotalAll ISCED 2011 levels ,Females,69.0,
2018,Estonia,TotalAll ISCED 2011 levels ,Total,65.3,
2018,Estonia,TotalAll ISCED 2011 levels ,Males,75.5,
2018,Estonia,TotalAll ISCED 2011 levels ,Females,52.8,
2018,Ireland,TotalAll ISCED 2011 levels ,Total,78.1,
2018,Ireland,TotalAll ISCED 2011 levels ,Males,85.2,
2018,Ireland,TotalAll ISCED 2011 levels ,Females,71.4,
2018,Greece,TotalAll ISCED 2011 levels ,Total,50.3,
2018,Greece,TotalAll ISCED 2011 levels ,Males,66.0,
2018,Greece,TotalAll ISCED 2011 levels ,Females,41.5,
2018,Spain,TotalAll ISCED 2011 levels ,Total,65.2,
2018,Spain,TotalAll ISCED 2011 levels ,Males,72.3,
2018,Spain,TotalAll ISCED 2011 levels ,Females,58.6,
2018,France,TotalAll ISCED 2011 levels ,Total,69.9,
2018,France,TotalAll ISCED 2011 levels ,Males,74.4,
2018,France,TotalAll ISCED 2011 levels ,Females,65.5,
2018,Croatia,TotalAll ISCED 2011 levels ,Total,71.5,u
2018,Croatia,TotalAll ISCED 2011 levels ,Males,73.4,u
2018,Croatia,TotalAll ISCED 2011 levels ,Females,70.4,u
2018,Italy,TotalAll ISCED 2011 levels ,Total,63.4,
2018,Italy,TotalAll ISCED 2011 levels ,Males,74.7,
2018,Italy,TotalAll ISCED 2011 levels ,Females,55.8,
2018,Cyprus,TotalAll ISCED 2011 levels ,Total,72.3,
2018,Cyprus,TotalAll ISCED 2011 levels ,Males,79.6,
2018,Cyprus,TotalAll ISCED 2011 levels ,Females,65.8,
2018,Latvia,TotalAll ISCED 2011 levels ,Total,66.3,u
2018,Latvia,TotalAll ISCED 2011 levels ,Males,:,u
2018,Latvia,TotalAll ISCED 2011 levels ,Females,:,u
2018,Lithuania,TotalAll ISCED 2011 levels ,Total,94.8,u
2018,Lithuania,TotalAll ISCED 2011 levels ,Males,:,u
2018,Lithuania,TotalAll ISCED 2011 levels ,Females,:,u
2018,Luxembourg,TotalAll ISCED 2011 levels ,Total,73.3,
2018,Luxembourg,TotalAll ISCED 2011 levels ,Males,76.4,
2018,Luxembourg,TotalAll ISCED 2011 levels ,Females,70.0,
2018,Hungary,TotalAll ISCED 2011 levels ,Total,66.5,
2018,Hungary,TotalAll ISCED 2011 levels ,Males,80.2,
2018,Hungary,TotalAll ISCED 2011 levels ,Females,52.9,
2018,Malta,TotalAll ISCED 2011 levels ,Total,84.9,
2018,Malta,TotalAll ISCED 2011 levels ,Males,88.7,
2018,Malta,TotalAll ISCED 2011 levels ,Females,79.7,
2018,Netherlands,TotalAll ISCED 2011 levels ,Total,74.8,
2018,Netherlands,TotalAll ISCED 2011 levels ,Males,83.4,
2018,Netherlands,TotalAll ISCED 2011 levels ,Females,68.1,
2018,Austria,TotalAll ISCED 2011 levels ,Total,73.8,
2018,Austria,TotalAll ISCED 2011 levels ,Males,80.1,
2018,Austria,TotalAll ISCED 2011 levels ,Females,68.1,
2018,Poland,TotalAll ISCED 2011 levels ,Total,85.2,u
2018,Poland,TotalAll ISCED 2011 levels ,Males,92.2,u
2018,Poland,TotalAll ISCED 2011 levels ,Females,:,u
2018,Portugal,TotalAll ISCED 2011 levels ,Total,73.8,
2018,Portugal,TotalAll ISCED 2011 levels ,Males,76.3,
2018,Portugal,TotalAll ISCED 2011 levels ,Females,72.0,
2018,Romania,TotalAll ISCED 2011 levels ,Total,:,u
2018,Romania,TotalAll ISCED 2011 levels ,Males,:,u
2018,Romania,TotalAll ISCED 2011 levels ,Females,:,u
2018,Slovenia,TotalAll ISCED 2011 levels ,Total,81.1,
2018,Slovenia,TotalAll ISCED 2011 levels ,Males,82.3,u
2018,Slovenia,TotalAll ISCED 2011 levels ,Females,80.1,u
2018,Slovakia,TotalAll ISCED 2011 levels ,Total,66.8,u
2018,Slovakia,TotalAll ISCED 2011 levels ,Males,:,u
2018,Slovakia,TotalAll ISCED 2011 levels ,Females,:,u
2018,Finland,TotalAll ISCED 2011 levels ,Total,71.6,
2018,Finland,TotalAll ISCED 2011 levels ,Males,77.7,
2018,Finland,TotalAll ISCED 2011 levels ,Females,64.4,
2018,Sweden,TotalAll ISCED 2011 levels ,Total,79.2,b
2018,Sweden,TotalAll ISCED 2011 levels ,Males,81.9,b
2018,Sweden,TotalAll ISCED 2011 levels ,Females,76.4,b
2018,Iceland,TotalAll ISCED 2011 levels ,Total,87.7,
2018,Iceland,TotalAll ISCED 2011 levels ,Males,91.2,
2018,Iceland,TotalAll ISCED 2011 levels ,Females,82.7,
2018,Norway,TotalAll ISCED 2011 levels ,Total,80.3,
2018,Norway,TotalAll ISCED 2011 levels ,Males,84.0,
2018,Norway,TotalAll ISCED 2011 levels ,Females,75.9,
2018,Switzerland,TotalAll ISCED 2011 levels ,Total,82.2,
2018,Switzerland,TotalAll ISCED 2011 levels ,Males,86.0,
2018,Switzerland,TotalAll ISCED 2011 levels ,Females,77.4,
2018,United Kingdom,TotalAll ISCED 2011 levels ,Total,82.0,
2018,United Kingdom,TotalAll ISCED 2011 levels ,Males,89.0,
2018,United Kingdom,TotalAll ISCED 2011 levels ,Females,75.6,
2018,Montenegro,TotalAll ISCED 2011 levels ,Total,:,u
2018,Montenegro,TotalAll ISCED 2011 levels ,Males,:,u
2018,Montenegro,TotalAll ISCED 2011 levels ,Females,:,u
2018,North Macedonia,TotalAll ISCED 2011 levels ,Total,:,u
2018,North Macedonia,TotalAll ISCED 2011 levels ,Males,:,c
2018,North Macedonia,TotalAll ISCED 2011 levels ,Females,:,u
2018,Serbia,TotalAll ISCED 2011 levels ,Total,64.6,u
2018,Serbia,TotalAll ISCED 2011 levels ,Males,68.0,u
2018,Serbia,TotalAll ISCED 2011 levels ,Females,61.8,u
2018,Turkey,TotalAll ISCED 2011 levels ,Total,:,
2018,Turkey,TotalAll ISCED 2011 levels ,Males,:,
2018,Turkey,TotalAll ISCED 2011 levels ,Females,:,
2019,Belgium,TotalAll ISCED 2011 levels ,Total,66.7,
2019,Belgium,TotalAll ISCED 2011 levels ,Males,71.7,
2019,Belgium,TotalAll ISCED 2011 levels ,Females,61.8,
2019,Bulgaria,TotalAll ISCED 2011 levels ,Total,:,u
2019,Bulgaria,TotalAll ISCED 2011 levels ,Males,:,u
2019,Bulgaria,TotalAll ISCED 2011 levels ,Females,:,u
2019,Czechia,TotalAll ISCED 2011 levels ,Total,84.3,
2019,Czechia,TotalAll ISCED 2011 levels ,Males,93.4,
2019,Czechia,TotalAll ISCED 2011 levels ,Females,73.4,
2019,Denmark,TotalAll ISCED 2011 levels ,Total,77.2,
2019,Denmark,TotalAll ISCED 2011 levels ,Males,83.1,
2019,Denmark,TotalAll ISCED 2011 levels ,Females,71.1,
2019,Germany (until 1990 former territory of the FRG),TotalAll ISCED 2011 levels ,Total,78.2,
2019,Germany (until 1990 former territory of the FRG),TotalAll ISCED 2011 levels ,Males,85.2,
2019,Germany (until 1990 former territory of the FRG),TotalAll ISCED 2011 levels ,Females,70.4,
2019,Estonia,TotalAll ISCED 2011 levels ,Total,73.5,
2019,Estonia,TotalAll ISCED 2011 levels ,Males,78.2,
2019,Estonia,TotalAll ISCED 2011 levels ,Females,68.8,u
2019,Ireland,TotalAll ISCED 2011 levels ,Total,77.5,
2019,Ireland,TotalAll ISCED 2011 levels ,Males,84.6,
2019,Ireland,TotalAll ISCED 2011 levels ,Females,70.8,
2019,Greece,TotalAll ISCED 2011 levels ,Total,48.6,
2019,Greece,TotalAll ISCED 2011 levels ,Males,62.9,
2019,Greece,TotalAll ISCED 2011 levels ,Females,40.5,
2019,Spain,TotalAll ISCED 2011 levels ,Total,68.3,
2019,Spain,TotalAll ISCED 2011 levels ,Males,75.2,
2019,Spain,TotalAll ISCED 2011 levels ,Females,61.8,
2019,France,TotalAll ISCED 2011 levels ,Total,69.4,
2019,France,TotalAll ISCED 2011 levels ,Males,73.9,
2019,France,TotalAll ISCED 2011 levels ,Females,64.9,
2019,Croatia,TotalAll ISCED 2011 levels ,Total,77.5,u
2019,Croatia,TotalAll ISCED 2011 levels ,Males,67.2,u
2019,Croatia,TotalAll ISCED 2011 levels ,Females,85.6,u
2019,Italy,TotalAll ISCED 2011 levels ,Total,62.7,
2019,Italy,TotalAll ISCED 2011 levels ,Males,74.0,
2019,Italy,TotalAll ISCED 2011 levels ,Females,54.9,
2019,Cyprus,TotalAll ISCED 2011 levels ,Total,77.0,
2019,Cyprus,TotalAll ISCED 2011 levels ,Males,83.0,
2019,Cyprus,TotalAll ISCED 2011 levels ,Females,71.4,
2019,Latvia,TotalAll ISCED 2011 levels ,Total,:,u
2019,Latvia,TotalAll ISCED 2011 levels ,Males,:,u
2019,Latvia,TotalAll ISCED 2011 levels ,Females,:,u
2019,Lithuania,TotalAll ISCED 2011 levels ,Total,75.3,u
2019,Lithuania,TotalAll ISCED 2011 levels ,Males,100.0,u
2019,Lithuania,TotalAll ISCED 2011 levels ,Females,:,u
2019,Luxembourg,TotalAll ISCED 2011 levels ,Total,73.1,
2019,Luxembourg,TotalAll ISCED 2011 levels ,Males,77.1,
2019,Luxembourg,TotalAll ISCED 2011 levels ,Females,68.8,
2019,Hungary,TotalAll ISCED 2011 levels ,Total,70.1,
2019,Hungary,TotalAll ISCED 2011 levels ,Males,78.7,
2019,Hungary,TotalAll ISCED 2011 levels ,Females,61.7,
2019,Malta,TotalAll ISCED 2011 levels ,Total,85.2,
2019,Malta,TotalAll ISCED 2011 levels ,Males,88.0,
2019,Malta,TotalAll ISCED 2011 levels ,Females,82.2,
2019,Netherlands,TotalAll ISCED 2011 levels ,Total,76.2,
2019,Netherlands,TotalAll ISCED 2011 levels ,Males,81.0,
2019,Netherlands,TotalAll ISCED 2011 levels ,Females,72.2,
2019,Austria,TotalAll ISCED 2011 levels ,Total,74.2,
2019,Austria,TotalAll ISCED 2011 levels ,Males,79.4,
2019,Austria,TotalAll ISCED 2011 levels ,Females,69.6,
2019,Poland,TotalAll ISCED 2011 levels ,Total,71.9,u
2019,Poland,TotalAll ISCED 2011 levels ,Males,79.3,u
2019,Poland,TotalAll ISCED 2011 levels ,Females,:,u
2019,Portugal,TotalAll ISCED 2011 levels ,Total,76.4,
2019,Portugal,TotalAll ISCED 2011 levels ,Males,85.1,
2019,Portugal,TotalAll ISCED 2011 levels ,Females,68.8,
2019,Romania,TotalAll ISCED 2011 levels ,Total,:,u
2019,Romania,TotalAll ISCED 2011 levels ,Males,:,u
2019,Romania,TotalAll ISCED 2011 levels ,Females,:,u
2019,Slovenia,TotalAll ISCED 2011 levels ,Total,80.6,
2019,Slovenia,TotalAll ISCED 2011 levels ,Males,85.1,u
2019,Slovenia,TotalAll ISCED 2011 levels ,Females,76.2,u
2019,Slovakia,TotalAll ISCED 2011 levels ,Total,82.4,
2019,Slovakia,TotalAll ISCED 2011 levels ,Males,89.4,u
2019,Slovakia,TotalAll ISCED 2011 levels ,Females,:,u
2019,Finland,TotalAll ISCED 2011 levels ,Total,75.8,
2019,Finland,TotalAll ISCED 2011 levels ,Males,78.3,
2019,Finland,TotalAll ISCED 2011 levels ,Females,72.9,
2019,Sweden,TotalAll ISCED 2011 levels ,Total,76.0,
2019,Sweden,TotalAll ISCED 2011 levels ,Males,78.6,
2019,Sweden,TotalAll ISCED 2011 levels ,Females,72.8,
2019,Iceland,TotalAll ISCED 2011 levels ,Total,88.1,
2019,Iceland,TotalAll ISCED 2011 levels ,Males,89.4,
2019,Iceland,TotalAll ISCED 2011 levels ,Females,86.5,
2019,Norway,TotalAll ISCED 2011 levels ,Total,80.8,
2019,Norway,TotalAll ISCED 2011 levels ,Males,84.1,
2019,Norway,TotalAll ISCED 2011 levels ,Females,76.9,
2019,Switzerland,TotalAll ISCED 2011 levels ,Total,83.1,
2019,Switzerland,TotalAll ISCED 2011 levels ,Males,86.5,
2019,Switzerland,TotalAll ISCED 2011 levels ,Females,79.0,
2019,United Kingdom,TotalAll ISCED 2011 levels ,Total,82.1,
2019,United Kingdom,TotalAll ISCED 2011 levels ,Males,87.4,
2019,United Kingdom,TotalAll ISCED 2011 levels ,Females,77.2,
2019,Montenegro,TotalAll ISCED 2011 levels ,Total,:,u
2019,Montenegro,TotalAll ISCED 2011 levels ,Males,:,u
2019,Montenegro,TotalAll ISCED 2011 levels ,Females,:,u
2019,North Macedonia,TotalAll ISCED 2011 levels ,Total,:,u
2019,North Macedonia,TotalAll ISCED 2011 levels ,Males,:,
2019,North Macedonia,TotalAll ISCED 2011 levels ,Females,:,u
2019,Serbia,TotalAll ISCED 2011 levels ,Total,53.4,u
2019,Serbia,TotalAll ISCED 2011 levels ,Males,:,u
2019,Serbia,TotalAll ISCED 2011 levels ,Females,:,u
2019,Turkey,TotalAll ISCED 2011 levels ,Total,:,
2019,Turkey,TotalAll ISCED 2011 levels ,Males,:,
2019,Turkey,TotalAll ISCED 2011 levels ,Females,:,
2020,Belgium,TotalAll ISCED 2011 levels ,Total,66.6,
2020,Belgium,TotalAll ISCED 2011 levels ,Males,71.6,
2020,Belgium,TotalAll ISCED 2011 levels ,Females,61.6,
2020,Bulgaria,TotalAll ISCED 2011 levels ,Total,:,u
2020,Bulgaria,TotalAll ISCED 2011 levels ,Males,:,u
2020,Bulgaria,TotalAll ISCED 2011 levels ,Females,:,u
2020,Czechia,TotalAll ISCED 2011 levels ,Total,82.4,
2020,Czechia,TotalAll ISCED 2011 levels ,Males,90.8,
2020,Czechia,TotalAll ISCED 2011 levels ,Females,72.4,
2020,Denmark,TotalAll ISCED 2011 levels ,Total,78.1,
2020,Denmark,TotalAll ISCED 2011 levels ,Males,82.4,
2020,Denmark,TotalAll ISCED 2011 levels ,Females,73.3,
2020,Germany (until 1990 former territory of the FRG),TotalAll ISCED 2011 levels ,Total,75.7,b
2020,Germany (until 1990 former territory of the FRG),TotalAll ISCED 2011 levels ,Males,81.2,b
2020,Germany (until 1990 former territory of the FRG),TotalAll ISCED 2011 levels ,Females,69.6,b
2020,Estonia,TotalAll ISCED 2011 levels ,Total,74.7,
2020,Estonia,TotalAll ISCED 2011 levels ,Males,76.2,
2020,Estonia,TotalAll ISCED 2011 levels ,Females,72.7,u
2020,Ireland,TotalAll ISCED 2011 levels ,Total,73.5,
2020,Ireland,TotalAll ISCED 2011 levels ,Males,80.4,
2020,Ireland,TotalAll ISCED 2011 levels ,Females,67.0,
2020,Greece,TotalAll ISCED 2011 levels ,Total,48.6,
2020,Greece,TotalAll ISCED 2011 levels ,Males,61.6,
2020,Greece,TotalAll ISCED 2011 levels ,Females,42.3,
2020,Spain,TotalAll ISCED 2011 levels ,Total,61.7,
2020,Spain,TotalAll ISCED 2011 levels ,Males,69.1,
2020,Spain,TotalAll ISCED 2011 levels ,Females,55.0,
2020,France,TotalAll ISCED 2011 levels ,Total,70.0,
2020,France,TotalAll ISCED 2011 levels ,Males,74.5,
2020,France,TotalAll ISCED 2011 levels ,Females,65.6,
2020,Croatia,TotalAll ISCED 2011 levels ,Total,63.7,u
2020,Croatia,TotalAll ISCED 2011 levels ,Males,68.0,u
2020,Croatia,TotalAll ISCED 2011 levels ,Females,:,u
2020,Italy,TotalAll ISCED 2011 levels ,Total,58.8,
2020,Italy,TotalAll ISCED 2011 levels ,Males,70.8,
2020,Italy,TotalAll ISCED 2011 levels ,Females,50.3,
2020,Cyprus,TotalAll ISCED 2011 levels ,Total,73.6,
2020,Cyprus,TotalAll ISCED 2011 levels ,Males,82.4,
2020,Cyprus,TotalAll ISCED 2011 levels ,Females,65.2,
2020,Latvia,TotalAll ISCED 2011 levels ,Total,81.1,
2020,Latvia,TotalAll ISCED 2011 levels ,Males,:,u
2020,Latvia,TotalAll ISCED 2011 levels ,Females,:,u
2020,Lithuania,TotalAll ISCED 2011 levels ,Total,71.8,u
2020,Lithuania,TotalAll ISCED 2011 levels ,Males,88.7,u
2020,Lithuania,TotalAll ISCED 2011 levels ,Females,:,u
2020,Luxembourg,TotalAll ISCED 2011 levels ,Total,71.9,
2020,Luxembourg,TotalAll ISCED 2011 levels ,Males,75.0,
2020,Luxembourg,TotalAll ISCED 2011 levels ,Females,68.4,
2020,Hungary,TotalAll ISCED 2011 levels ,Total,65.1,
2020,Hungary,TotalAll ISCED 2011 levels ,Males,69.4,
2020,Hungary,TotalAll ISCED 2011 levels ,Females,62.0,
2020,Malta,TotalAll ISCED 2011 levels ,Total,89.9,
2020,Malta,TotalAll ISCED 2011 levels ,Males,95.0,
2020,Malta,TotalAll ISCED 2011 levels ,Females,84.1,
2020,Netherlands,TotalAll ISCED 2011 levels ,Total,75.9,
2020,Netherlands,TotalAll ISCED 2011 levels ,Males,80.8,
2020,Netherlands,TotalAll ISCED 2011 levels ,Females,72.1,
2020,Austria,TotalAll ISCED 2011 levels ,Total,73.4,
2020,Austria,TotalAll ISCED 2011 levels ,Males,77.5,
2020,Austria,TotalAll ISCED 2011 levels ,Females,69.7,
2020,Poland,TotalAll ISCED 2011 levels ,Total,77.0,u
2020,Poland,TotalAll ISCED 2011 levels ,Males,:,u
2020,Poland,TotalAll ISCED 2011 levels ,Females,:,u
2020,Portugal,TotalAll ISCED 2011 levels ,Total,78.7,
2020,Portugal,TotalAll ISCED 2011 levels ,Males,86.3,
2020,Portugal,TotalAll ISCED 2011 levels ,Females,72.1,
2020,Romania,TotalAll ISCED 2011 levels ,Total,:,u
2020,Romania,TotalAll ISCED 2011 levels ,Males,:,u
2020,Romania,TotalAll ISCED 2011 levels ,Females,:,c
2020,Slovenia,TotalAll ISCED 2011 levels ,Total,75.8,
2020,Slovenia,TotalAll ISCED 2011 levels ,Males,87.6,
2020,Slovenia,TotalAll ISCED 2011 levels ,Females,61.7,u
2020,Slovakia,TotalAll ISCED 2011 levels ,Total,64.9,u
2020,Slovakia,TotalAll ISCED 2011 levels ,Males,:,u
2020,Slovakia,TotalAll ISCED 2011 levels ,Females,:,u
2020,Finland,TotalAll ISCED 2011 levels ,Total,74.7,
2020,Finland,TotalAll ISCED 2011 levels ,Males,75.3,
2020,Finland,TotalAll ISCED 2011 levels ,Females,74.1,
2020,Sweden,TotalAll ISCED 2011 levels ,Total,76.5,
2020,Sweden,TotalAll ISCED 2011 levels ,Males,80.1,
2020,Sweden,TotalAll ISCED 2011 levels ,Females,72.8,
2020,Iceland,TotalAll ISCED 2011 levels ,Total,77.0,b
2020,Iceland,TotalAll ISCED 2011 levels ,Males,74.2,b
2020,Iceland,TotalAll ISCED 2011 levels ,Females,79.9,b
2020,Norway,TotalAll ISCED 2011 levels ,Total,77.8,
2020,Norway,TotalAll ISCED 2011 levels ,Males,79.6,
2020,Norway,TotalAll ISCED 2011 levels ,Females,75.6,
2020,Switzerland,TotalAll ISCED 2011 levels ,Total,82.3,
2020,Switzerland,TotalAll ISCED 2011 levels ,Males,85.7,
2020,Switzerland,TotalAll ISCED 2011 levels ,Females,78.1,
2020,United Kingdom,TotalAll ISCED 2011 levels ,Total,:,
2020,United Kingdom,TotalAll ISCED 2011 levels ,Males,:,
2020,United Kingdom,TotalAll ISCED 2011 levels ,Females,:,
2020,Montenegro,TotalAll ISCED 2011 levels ,Total,:,u
2020,Montenegro,TotalAll ISCED 2011 levels ,Males,:,u
2020,Montenegro,TotalAll ISCED 2011 levels ,Females,:,u
2020,North Macedonia,TotalAll ISCED 2011 levels ,Total,:,u
2020,North Macedonia,TotalAll ISCED 2011 levels ,Males,:,c
2020,North Macedonia,TotalAll ISCED 2011 levels ,Females,:,c
2020,Serbia,TotalAll ISCED 2011 levels ,Total,:,u
2020,Serbia,TotalAll ISCED 2011 levels ,Males,:,u
2020,Serbia,TotalAll ISCED 2011 levels ,Females,:,u
2020,Turkey,TotalAll ISCED 2011 levels ,Total,:,
2020,Turkey,TotalAll ISCED 2011 levels ,Males,:,
2020,Turkey,TotalAll ISCED 2011 levels ,Females,:,
2021,Belgium,TotalAll ISCED 2011 levels ,Total,68.7,b
2021,Belgium,TotalAll ISCED 2011 levels ,Males,74.6,b
2021,Belgium,TotalAll ISCED 2011 levels ,Females,62.8,b
2021,Bulgaria,TotalAll ISCED 2011 levels ,Total,:,bu
2021,Bulgaria,TotalAll ISCED 2011 levels ,Males,:,bu
2021,Bulgaria,TotalAll ISCED 2011 levels ,Females,:,bu
2021,Czechia,TotalAll ISCED 2011 levels ,Total,83.9,b
2021,Czechia,TotalAll ISCED 2011 levels ,Males,93.5,b
2021,Czechia,TotalAll ISCED 2011 levels ,Females,71.4,b
2021,Denmark,TotalAll ISCED 2011 levels ,Total,80.1,b
2021,Denmark,TotalAll ISCED 2011 levels ,Males,83.7,b
2021,Denmark,TotalAll ISCED 2011 levels ,Females,75.7,b
2021,Germany (until 1990 former territory of the FRG),TotalAll ISCED 2011 levels ,Total,76.2,b
2021,Germany (until 1990 former territory of the FRG),TotalAll ISCED 2011 levels ,Males,82.5,b
2021,Germany (until 1990 former territory of the FRG),TotalAll ISCED 2011 levels ,Females,69.3,b
2021,Estonia,TotalAll ISCED 2011 levels ,Total,77.8,b
2021,Estonia,TotalAll ISCED 2011 levels ,Males,82.2,b
2021,Estonia,TotalAll ISCED 2011 levels ,Females,67.2,bu
2021,Ireland,TotalAll ISCED 2011 levels ,Total,75.0,b
2021,Ireland,TotalAll ISCED 2011 levels ,Males,80.6,b
2021,Ireland,TotalAll ISCED 2011 levels ,Females,69.5,b
2021,Greece,TotalAll ISCED 2011 levels ,Total,47.5,b
2021,Greece,TotalAll ISCED 2011 levels ,Males,60.9,b
2021,Greece,TotalAll ISCED 2011 levels ,Females,40.2,b
2021,Spain,TotalAll ISCED 2011 levels ,Total,61.9,bd
2021,Spain,TotalAll ISCED 2011 levels ,Males,70.0,bd
2021,Spain,TotalAll ISCED 2011 levels ,Females,54.5,bd
2021,France,TotalAll ISCED 2011 levels ,Total,70.2,bd
2021,France,TotalAll ISCED 2011 levels ,Males,74.5,bd
2021,France,TotalAll ISCED 2011 levels ,Females,66.2,bd
2021,Croatia,TotalAll ISCED 2011 levels ,Total,:,bu
2021,Croatia,TotalAll ISCED 2011 levels ,Males,:,bu
2021,Croatia,TotalAll ISCED 2011 levels ,Females,:,bu
2021,Italy,TotalAll ISCED 2011 levels ,Total,60.8,b
2021,Italy,TotalAll ISCED 2011 levels ,Males,72.8,b
2021,Italy,TotalAll ISCED 2011 levels ,Females,52.7,b
2021,Cyprus,TotalAll ISCED 2011 levels ,Total,73.5,b
2021,Cyprus,TotalAll ISCED 2011 levels ,Males,81.8,b
2021,Cyprus,TotalAll ISCED 2011 levels ,Females,65.1,b
2021,Latvia,TotalAll ISCED 2011 levels ,Total,79.4,b
2021,Latvia,TotalAll ISCED 2011 levels ,Males,88.7,b
2021,Latvia,TotalAll ISCED 2011 levels ,Females,:,bu
2021,Lithuania,TotalAll ISCED 2011 levels ,Total,92.3,bu
2021,Lithuania,TotalAll ISCED 2011 levels ,Males,89.3,bu
2021,Lithuania,TotalAll ISCED 2011 levels ,Females,:,bu
2021,Luxembourg,TotalAll ISCED 2011 levels ,Total,74.0,b
2021,Luxembourg,TotalAll ISCED 2011 levels ,Males,76.9,b
2021,Luxembourg,TotalAll ISCED 2011 levels ,Females,70.7,b
2021,Hungary,TotalAll ISCED 2011 levels ,Total,80.6,b
2021,Hungary,TotalAll ISCED 2011 levels ,Males,81.3,b
2021,Hungary,TotalAll ISCED 2011 levels ,Females,80.0,b
2021,Malta,TotalAll ISCED 2011 levels ,Total,87.4,b
2021,Malta,TotalAll ISCED 2011 levels ,Males,92.3,b
2021,Malta,TotalAll ISCED 2011 levels ,Females,80.9,b
2021,Netherlands,TotalAll ISCED 2011 levels ,Total,77.1,b
2021,Netherlands,TotalAll ISCED 2011 levels ,Males,83.7,b
2021,Netherlands,TotalAll ISCED 2011 levels ,Females,71.1,b
2021,Austria,TotalAll ISCED 2011 levels ,Total,73.1,b
2021,Austria,TotalAll ISCED 2011 levels ,Males,78.5,b
2021,Austria,TotalAll ISCED 2011 levels ,Females,68.1,b
2021,Poland,TotalAll ISCED 2011 levels ,Total,83.1,bu
2021,Poland,TotalAll ISCED 2011 levels ,Males,:,bu
2021,Poland,TotalAll ISCED 2011 levels ,Females,:,bu
2021,Portugal,TotalAll ISCED 2011 levels ,Total,83.0,b
2021,Portugal,TotalAll ISCED 2011 levels ,Males,87.0,b
2021,Portugal,TotalAll ISCED 2011 levels ,Females,80.7,b
2021,Romania,TotalAll ISCED 2011 levels ,Total,:,bu
2021,Romania,TotalAll ISCED 2011 levels ,Males,:,bu
2021,Romania,TotalAll ISCED 2011 levels ,Females,:,bu
2021,Slovenia,TotalAll ISCED 2011 levels ,Total,78.5,b
2021,Slovenia,TotalAll ISCED 2011 levels ,Males,83.3,bu
2021,Slovenia,TotalAll ISCED 2011 levels ,Females,73.0,bu
2021,Slovakia,TotalAll ISCED 2011 levels ,Total,78.2,b
2021,Slovakia,TotalAll ISCED 2011 levels ,Males,78.9,b
2021,Slovakia,TotalAll ISCED 2011 levels ,Females,:,bu
2021,Finland,TotalAll ISCED 2011 levels ,Total,75.8,b
2021,Finland,TotalAll ISCED 2011 levels ,Males,82.7,b
2021,Finland,TotalAll ISCED 2011 levels ,Females,67.6,b
2021,Sweden,TotalAll ISCED 2011 levels ,Total,79.6,b
2021,Sweden,TotalAll ISCED 2011 levels ,Males,85.5,b
2021,Sweden,TotalAll ISCED 2011 levels ,Females,74.0,b
2021,Iceland,TotalAll ISCED 2011 levels ,Total,78.0,b
2021,Iceland,TotalAll ISCED 2011 levels ,Males,81.9,b
2021,Iceland,TotalAll ISCED 2011 levels ,Females,73.8,b
2021,Norway,TotalAll ISCED 2011 levels ,Total,80.0,b
2021,Norway,TotalAll ISCED 2011 levels ,Males,82.4,b
2021,Norway,TotalAll ISCED 2011 levels ,Females,76.9,b
2021,Switzerland,TotalAll ISCED 2011 levels ,Total,80.7,b
2021,Switzerland,TotalAll ISCED 2011 levels ,Males,84.2,b
2021,Switzerland,TotalAll ISCED 2011 levels ,Females,76.2,b
2021,United Kingdom,TotalAll ISCED 2011 levels ,Total,:,
2021,United Kingdom,TotalAll ISCED 2011 levels ,Males,:,
2021,United Kingdom,TotalAll ISCED 2011 levels ,Females,:,
2021,Montenegro,TotalAll ISCED 2011 levels ,Total,:,
2021,Montenegro,TotalAll ISCED 2011 levels ,Males,:,
2021,Montenegro,TotalAll ISCED 2011 levels ,Females,:,
2021,North Macedonia,TotalAll ISCED 2011 levels ,Total,:,
2021,North Macedonia,TotalAll ISCED 2011 levels ,Males,:,
2021,North Macedonia,TotalAll ISCED 2011 levels ,Females,:,
2021,Serbia,TotalAll ISCED 2011 levels ,Total,44.4,bu
2021,Serbia,TotalAll ISCED 2011 levels ,Males,:,bu
2021,Serbia,TotalAll ISCED 2011 levels ,Females,42.1,bu
2021,Turkey,TotalAll ISCED 2011 levels ,Total,:,
2021,Turkey,TotalAll ISCED 2011 levels ,Males,:,
2021,Turkey,TotalAll ISCED 2011 levels ,Females,:,
