TIME,COUNTRY,AGE,VALUE
2012,Belgium,From 15 to 29 years,2038704
2012,Belgium,From 15 to 19 years,642314
2012,Belgium,From 20 to 24 years,695080
2012,Belgium,From 25 to 29 years,701310
2012,Bulgaria,From 15 to 29 years,1324481
2012,Bulgaria,From 15 to 19 years,358043
2012,Bulgaria,From 20 to 24 years,476084
2012,Bulgaria,From 25 to 29 years,490354
2012,Czechia,From 15 to 29 years,1933767
2012,Czechia,From 15 to 19 years,541105
2012,Czechia,From 20 to 24 years,671462
2012,Czechia,From 25 to 29 years,721200
2012,Denmark,From 15 to 29 years,1022790
2012,Denmark,From 15 to 19 years,359125
2012,Denmark,From 20 to 24 years,347475
2012,Denmark,From 25 to 29 years,316190
2012,Germany (until 1990 former territory of the FRG),From 15 to 29 years,13705430
2012,Germany (until 1990 former territory of the FRG),From 15 to 19 years,4027946
2012,Germany (until 1990 former territory of the FRG),From 20 to 24 years,4822077
2012,Germany (until 1990 former territory of the FRG),From 25 to 29 years,4855407
2012,Estonia,From 15 to 29 years,267086
2012,Estonia,From 15 to 19 years,67687
2012,Estonia,From 20 to 24 years,99383
2012,Estonia,From 25 to 29 years,100016
2012,Ireland,From 15 to 29 years,916304
2012,Ireland,From 15 to 19 years,281092
2012,Ireland,From 20 to 24 years,288296
2012,Ireland,From 25 to 29 years,346916
2012,Greece,From 15 to 29 years,1906334
2012,Greece,From 15 to 19 years,557552
2012,Greece,From 20 to 24 years,628931
2012,Greece,From 25 to 29 years,719851
2012,Spain,From 15 to 29 years,7769139
2012,Spain,From 15 to 19 years,2199410
2012,Spain,From 20 to 24 years,2503813
2012,Spain,From 25 to 29 years,3065916
2012,France,From 15 to 29 years,11876631
2012,France,From 15 to 19 years,3925548
2012,France,From 20 to 24 years,3987272
2012,France,From 25 to 29 years,3963811
2012,Croatia,From 15 to 29 years,0
2012,Croatia,From 15 to 19 years,0
2012,Croatia,From 20 to 24 years,0
2012,Croatia,From 25 to 29 years,0
2012,Italy,From 15 to 29 years,9218888
2012,Italy,From 15 to 19 years,2850222
2012,Italy,From 20 to 24 years,3068829
2012,Italy,From 25 to 29 years,3299837
2012,Cyprus,From 15 to 29 years,209183
2012,Cyprus,From 15 to 19 years,62191
2012,Cyprus,From 20 to 24 years,71833
2012,Cyprus,From 25 to 29 years,75159
2012,Latvia,From 15 to 29 years,408250
2012,Latvia,From 15 to 19 years,110566
2012,Latvia,From 20 to 24 years,149364
2012,Latvia,From 25 to 29 years,148320
2012,Lithuania,From 15 to 29 years,608950
2012,Lithuania,From 15 to 19 years,201882
2012,Lithuania,From 20 to 24 years,214721
2012,Lithuania,From 25 to 29 years,192347
2012,Luxembourg,From 15 to 29 years,100335
2012,Luxembourg,From 15 to 19 years,31557
2012,Luxembourg,From 20 to 24 years,32160
2012,Luxembourg,From 25 to 29 years,36618
2012,Hungary,From 15 to 29 years,1829544
2012,Hungary,From 15 to 19 years,588428
2012,Hungary,From 20 to 24 years,625648
2012,Hungary,From 25 to 29 years,615468
2012,Malta,From 15 to 29 years,85833
2012,Malta,From 15 to 19 years,26089
2012,Malta,From 20 to 24 years,29457
2012,Malta,From 25 to 29 years,30287
2012,Netherlands,From 15 to 29 years,3058943
2012,Netherlands,From 15 to 19 years,998095
2012,Netherlands,From 20 to 24 years,1049537
2012,Netherlands,From 25 to 29 years,1011311
2012,Austria,From 15 to 29 years,1570784
2012,Austria,From 15 to 19 years,488368
2012,Austria,From 20 to 24 years,529484
2012,Austria,From 25 to 29 years,552932
2012,Poland,From 15 to 29 years,8192296
2012,Poland,From 15 to 19 years,2301999
2012,Poland,From 20 to 24 years,2742021
2012,Poland,From 25 to 29 years,3148276
2012,Portugal,From 15 to 29 years,1776906
2012,Portugal,From 15 to 19 years,558890
2012,Portugal,From 20 to 24 years,580521
2012,Portugal,From 25 to 29 years,637495
2012,Romania,From 15 to 29 years,0
2012,Romania,From 15 to 19 years,0
2012,Romania,From 20 to 24 years,0
2012,Romania,From 25 to 29 years,0
2012,Slovenia,From 15 to 29 years,364714
2012,Slovenia,From 15 to 19 years,100129
2012,Slovenia,From 20 to 24 years,123223
2012,Slovenia,From 25 to 29 years,141362
2012,Slovakia,From 15 to 29 years,1163163
2012,Slovakia,From 15 to 19 years,331895
2012,Slovakia,From 20 to 24 years,396204
2012,Slovakia,From 25 to 29 years,435064
2012,Finland,From 15 to 29 years,1006085
2012,Finland,From 15 to 19 years,327766
2012,Finland,From 20 to 24 years,332881
2012,Finland,From 25 to 29 years,345438
2012,Sweden,From 15 to 29 years,1838374
2012,Sweden,From 15 to 19 years,592376
2012,Sweden,From 20 to 24 years,650862
2012,Sweden,From 25 to 29 years,595136
2012,Iceland,From 15 to 29 years,69679
2012,Iceland,From 15 to 19 years,23187
2012,Iceland,From 20 to 24 years,23999
2012,Iceland,From 25 to 29 years,22493
2012,Liechtenstein,From 15 to 29 years,6652
2012,Liechtenstein,From 15 to 19 years,2135
2012,Liechtenstein,From 20 to 24 years,2289
2012,Liechtenstein,From 25 to 29 years,2228
2012,Norway,From 15 to 29 years,976752
2012,Norway,From 15 to 19 years,324712
2012,Norway,From 20 to 24 years,330358
2012,Norway,From 25 to 29 years,321682
2012,Switzerland,From 15 to 29 years,1467300
2012,Switzerland,From 15 to 19 years,447894
2012,Switzerland,From 20 to 24 years,491602
2012,Switzerland,From 25 to 29 years,527804
2012,United Kingdom,From 15 to 29 years,12581737
2012,United Kingdom,From 15 to 19 years,3949351
2012,United Kingdom,From 20 to 24 years,4316200
2012,United Kingdom,From 25 to 29 years,4316186
2012,North Macedonia,From 15 to 29 years,0
2012,North Macedonia,From 15 to 19 years,0
2012,North Macedonia,From 20 to 24 years,0
2012,North Macedonia,From 25 to 29 years,0
2012,Albania,From 15 to 29 years,0
2012,Albania,From 15 to 19 years,0
2012,Albania,From 20 to 24 years,0
2012,Albania,From 25 to 29 years,0
2012,Serbia,From 15 to 29 years,0
2012,Serbia,From 15 to 19 years,0
2012,Serbia,From 20 to 24 years,0
2012,Serbia,From 25 to 29 years,0
2012,Turkey,From 15 to 29 years,0
2012,Turkey,From 15 to 19 years,0
2012,Turkey,From 20 to 24 years,0
2012,Turkey,From 25 to 29 years,0
2012,Andorra,From 15 to 29 years,0
2012,Andorra,From 15 to 19 years,0
2012,Andorra,From 20 to 24 years,0
2012,Andorra,From 25 to 29 years,0
2012,Ukraine,From 15 to 29 years,0
2012,Ukraine,From 15 to 19 years,0
2012,Ukraine,From 20 to 24 years,0
2012,Ukraine,From 25 to 29 years,0
2012,Montenegro,From 15 to 29 years,0
2012,Montenegro,From 15 to 19 years,0
2012,Montenegro,From 20 to 24 years,0
2012,Montenegro,From 25 to 29 years,0
2013,Belgium,From 15 to 29 years,2042691
2013,Belgium,From 15 to 19 years,635280
2013,Belgium,From 20 to 24 years,703207
2013,Belgium,From 25 to 29 years,704204
2013,Bulgaria,From 15 to 29 years,1281927
2013,Bulgaria,From 15 to 19 years,335811
2013,Bulgaria,From 20 to 24 years,457433
2013,Bulgaria,From 25 to 29 years,488683
2013,Czechia,From 15 to 29 years,1881844
2013,Czechia,From 15 to 19 years,510265
2013,Czechia,From 20 to 24 years,660086
2013,Czechia,From 25 to 29 years,711493
2013,Denmark,From 15 to 29 years,1040071
2013,Denmark,From 15 to 19 years,358224
2013,Denmark,From 20 to 24 years,359625
2013,Denmark,From 25 to 29 years,322222
2013,Germany (until 1990 former territory of the FRG),From 15 to 29 years,13716665
2013,Germany (until 1990 former territory of the FRG),From 15 to 19 years,4038105
2013,Germany (until 1990 former territory of the FRG),From 20 to 24 years,4754681
2013,Germany (until 1990 former territory of the FRG),From 25 to 29 years,4923879
2013,Estonia,From 15 to 29 years,252966
2013,Estonia,From 15 to 19 years,64021
2013,Estonia,From 20 to 24 years,92203
2013,Estonia,From 25 to 29 years,96742
2013,Ireland,From 15 to 29 years,890792
2013,Ireland,From 15 to 19 years,283640
2013,Ireland,From 20 to 24 years,280483
2013,Ireland,From 25 to 29 years,326669
2013,Greece,From 15 to 29 years,1833140
2013,Greece,From 15 to 19 years,546182
2013,Greece,From 20 to 24 years,617353
2013,Greece,From 25 to 29 years,669605
2013,Spain,From 15 to 29 years,7508876
2013,Spain,From 15 to 19 years,2165609
2013,Spain,From 20 to 24 years,2443633
2013,Spain,From 25 to 29 years,2899634
2013,France,From 15 to 29 years,11800721
2013,France,From 15 to 19 years,3911515
2013,France,From 20 to 24 years,3957404
2013,France,From 25 to 29 years,3931802
2013,Croatia,From 15 to 29 years,780459
2013,Croatia,From 15 to 19 years,246638
2013,Croatia,From 20 to 24 years,253700
2013,Croatia,From 25 to 29 years,280121
2013,Italy,From 15 to 29 years,9162927
2013,Italy,From 15 to 19 years,2824461
2013,Italy,From 20 to 24 years,3086836
2013,Italy,From 25 to 29 years,3251630
2013,Cyprus,From 15 to 29 years,204750
2013,Cyprus,From 15 to 19 years,58570
2013,Cyprus,From 20 to 24 years,71088
2013,Cyprus,From 25 to 29 years,75092
2013,Latvia,From 15 to 29 years,392612
2013,Latvia,From 15 to 19 years,99633
2013,Latvia,From 20 to 24 years,143614
2013,Latvia,From 25 to 29 years,149365
2013,Lithuania,From 15 to 29 years,597242
2013,Lithuania,From 15 to 19 years,187705
2013,Lithuania,From 20 to 24 years,214878
2013,Lithuania,From 25 to 29 years,194659
2013,Luxembourg,From 15 to 29 years,102890
2013,Luxembourg,From 15 to 19 years,32133
2013,Luxembourg,From 20 to 24 years,33191
2013,Luxembourg,From 25 to 29 years,37566
2013,Hungary,From 15 to 29 years,1806246
2013,Hungary,From 15 to 19 years,567039
2013,Hungary,From 20 to 24 years,629365
2013,Hungary,From 25 to 29 years,609842
2013,Malta,From 15 to 29 years,86456
2013,Malta,From 15 to 19 years,25546
2013,Malta,From 20 to 24 years,30328
2013,Malta,From 25 to 29 years,30582
2013,Netherlands,From 15 to 29 years,3072928
2013,Netherlands,From 15 to 19 years,992851
2013,Netherlands,From 20 to 24 years,1056687
2013,Netherlands,From 25 to 29 years,1023390
2013,Austria,From 15 to 29 years,1571760
2013,Austria,From 15 to 19 years,480555
2013,Austria,From 20 to 24 years,538665
2013,Austria,From 25 to 29 years,552540
2013,Poland,From 15 to 29 years,7956342
2013,Poland,From 15 to 19 years,2205323
2013,Poland,From 20 to 24 years,2672816
2013,Poland,From 25 to 29 years,3078203
2013,Portugal,From 15 to 29 years,1729988
2013,Portugal,From 15 to 19 years,551206
2013,Portugal,From 20 to 24 years,571884
2013,Portugal,From 25 to 29 years,606898
2013,Romania,From 15 to 29 years,3709565
2013,Romania,From 15 to 19 years,1091355
2013,Romania,From 20 to 24 years,1273671
2013,Romania,From 25 to 29 years,1344539
2013,Slovenia,From 15 to 29 years,354841
2013,Slovenia,From 15 to 19 years,98467
2013,Slovenia,From 20 to 24 years,117470
2013,Slovenia,From 25 to 29 years,138904
2013,Slovakia,From 15 to 29 years,1133410
2013,Slovakia,From 15 to 19 years,316992
2013,Slovakia,From 20 to 24 years,387925
2013,Slovakia,From 25 to 29 years,428493
2013,Finland,From 15 to 29 years,1001766
2013,Finland,From 15 to 19 years,320713
2013,Finland,From 20 to 24 years,339758
2013,Finland,From 25 to 29 years,341295
2013,Sweden,From 15 to 29 years,1840840
2013,Sweden,From 15 to 19 years,564627
2013,Sweden,From 20 to 24 years,667153
2013,Sweden,From 25 to 29 years,609060
2013,Iceland,From 15 to 29 years,69430
2013,Iceland,From 15 to 19 years,22803
2013,Iceland,From 20 to 24 years,24367
2013,Iceland,From 25 to 29 years,22260
2013,Liechtenstein,From 15 to 29 years,6680
2013,Liechtenstein,From 15 to 19 years,2188
2013,Liechtenstein,From 20 to 24 years,2276
2013,Liechtenstein,From 25 to 29 years,2216
2013,Norway,From 15 to 29 years,996002
2013,Norway,From 15 to 19 years,326007
2013,Norway,From 20 to 24 years,338929
2013,Norway,From 25 to 29 years,331066
2013,Switzerland,From 15 to 29 years,1473050
2013,Switzerland,From 15 to 19 years,442704
2013,Switzerland,From 20 to 24 years,498088
2013,Switzerland,From 25 to 29 years,532258
2013,United Kingdom,From 15 to 29 years,12562442
2013,United Kingdom,From 15 to 19 years,3904458
2013,United Kingdom,From 20 to 24 years,4323564
2013,United Kingdom,From 25 to 29 years,4334420
2013,North Macedonia,From 15 to 29 years,0
2013,North Macedonia,From 15 to 19 years,0
2013,North Macedonia,From 20 to 24 years,0
2013,North Macedonia,From 25 to 29 years,0
2013,Albania,From 15 to 29 years,0
2013,Albania,From 15 to 19 years,0
2013,Albania,From 20 to 24 years,0
2013,Albania,From 25 to 29 years,0
2013,Serbia,From 15 to 29 years,0
2013,Serbia,From 15 to 19 years,0
2013,Serbia,From 20 to 24 years,0
2013,Serbia,From 25 to 29 years,0
2013,Turkey,From 15 to 29 years,0
2013,Turkey,From 15 to 19 years,0
2013,Turkey,From 20 to 24 years,0
2013,Turkey,From 25 to 29 years,0
2013,Andorra,From 15 to 29 years,0
2013,Andorra,From 15 to 19 years,0
2013,Andorra,From 20 to 24 years,0
2013,Andorra,From 25 to 29 years,0
2013,Ukraine,From 15 to 29 years,0
2013,Ukraine,From 15 to 19 years,0
2013,Ukraine,From 20 to 24 years,0
2013,Ukraine,From 25 to 29 years,0
2013,Montenegro,From 15 to 29 years,0
2013,Montenegro,From 15 to 19 years,0
2013,Montenegro,From 20 to 24 years,0
2013,Montenegro,From 25 to 29 years,0
2014,Belgium,From 15 to 29 years,2040154
2014,Belgium,From 15 to 19 years,629626
2014,Belgium,From 20 to 24 years,701351
2014,Belgium,From 25 to 29 years,709177
2014,Bulgaria,From 15 to 29 years,1240836
2014,Bulgaria,From 15 to 19 years,318714
2014,Bulgaria,From 20 to 24 years,433186
2014,Bulgaria,From 25 to 29 years,488936
2014,Czechia,From 15 to 29 years,1829647
2014,Czechia,From 15 to 19 years,479874
2014,Czechia,From 20 to 24 years,645014
2014,Czechia,From 25 to 29 years,704759
2014,Denmark,From 15 to 29 years,1058727
2014,Denmark,From 15 to 19 years,356746
2014,Denmark,From 20 to 24 years,368274
2014,Denmark,From 25 to 29 years,333707
2014,Germany (until 1990 former territory of the FRG),From 15 to 29 years,13748954
2014,Germany (until 1990 former territory of the FRG),From 15 to 19 years,4040497
2014,Germany (until 1990 former territory of the FRG),From 20 to 24 years,4662031
2014,Germany (until 1990 former territory of the FRG),From 25 to 29 years,5046426
2014,Estonia,From 15 to 29 years,244461
2014,Estonia,From 15 to 19 years,61311
2014,Estonia,From 20 to 24 years,85651
2014,Estonia,From 25 to 29 years,97499
2014,Ireland,From 15 to 29 years,875986
2014,Ireland,From 15 to 19 years,289110
2014,Ireland,From 20 to 24 years,277122
2014,Ireland,From 25 to 29 years,309754
2014,Greece,From 15 to 29 years,1771033
2014,Greece,From 15 to 19 years,544020
2014,Greece,From 20 to 24 years,592862
2014,Greece,From 25 to 29 years,634151
2014,Spain,From 15 to 29 years,7264495
2014,Spain,From 15 to 19 years,2140570
2014,Spain,From 20 to 24 years,2374617
2014,Spain,From 25 to 29 years,2749308
2014,France,From 15 to 29 years,11849220
2014,France,From 15 to 19 years,3976653
2014,France,From 20 to 24 years,3903097
2014,France,From 25 to 29 years,3969470
2014,Croatia,From 15 to 29 years,770604
2014,Croatia,From 15 to 19 years,245481
2014,Croatia,From 20 to 24 years,249756
2014,Croatia,From 25 to 29 years,275367
2014,Italy,From 15 to 29 years,9280355
2014,Italy,From 15 to 19 years,2862527
2014,Italy,From 20 to 24 years,3114713
2014,Italy,From 25 to 29 years,3303115
2014,Cyprus,From 15 to 29 years,194949
2014,Cyprus,From 15 to 19 years,54851
2014,Cyprus,From 20 to 24 years,67452
2014,Cyprus,From 25 to 29 years,72646
2014,Latvia,From 15 to 29 years,373082
2014,Latvia,From 15 to 19 years,91835
2014,Latvia,From 20 to 24 years,134223
2014,Latvia,From 25 to 29 years,147024
2014,Lithuania,From 15 to 29 years,584701
2014,Lithuania,From 15 to 19 years,177196
2014,Lithuania,From 20 to 24 years,213059
2014,Lithuania,From 25 to 29 years,194446
2014,Luxembourg,From 15 to 29 years,105106
2014,Luxembourg,From 15 to 19 years,32451
2014,Luxembourg,From 20 to 24 years,33715
2014,Luxembourg,From 25 to 29 years,38940
2014,Hungary,From 15 to 29 years,1782855
2014,Hungary,From 15 to 19 years,544715
2014,Hungary,From 20 to 24 years,628054
2014,Hungary,From 25 to 29 years,610086
2014,Malta,From 15 to 29 years,87226
2014,Malta,From 15 to 19 years,25091
2014,Malta,From 20 to 24 years,30509
2014,Malta,From 25 to 29 years,31626
2014,Netherlands,From 15 to 29 years,3095053
2014,Netherlands,From 15 to 19 years,995966
2014,Netherlands,From 20 to 24 years,1062309
2014,Netherlands,From 25 to 29 years,1036778
2014,Austria,From 15 to 29 years,1574290
2014,Austria,From 15 to 19 years,470104
2014,Austria,From 20 to 24 years,544207
2014,Austria,From 25 to 29 years,559979
2014,Poland,From 15 to 29 years,7675900
2014,Poland,From 15 to 19 years,2110235
2014,Poland,From 20 to 24 years,2591796
2014,Poland,From 25 to 29 years,2973869
2014,Portugal,From 15 to 29 years,1696616
2014,Portugal,From 15 to 19 years,547470
2014,Portugal,From 20 to 24 years,563404
2014,Portugal,From 25 to 29 years,585742
2014,Romania,From 15 to 29 years,3672898
2014,Romania,From 15 to 19 years,1087426
2014,Romania,From 20 to 24 years,1193062
2014,Romania,From 25 to 29 years,1392410
2014,Slovenia,From 15 to 29 years,345292
2014,Slovenia,From 15 to 19 years,96814
2014,Slovenia,From 20 to 24 years,111679
2014,Slovenia,From 25 to 29 years,136799
2014,Slovakia,From 15 to 29 years,1102840
2014,Slovakia,From 15 to 19 years,301908
2014,Slovakia,From 20 to 24 years,379845
2014,Slovakia,From 25 to 29 years,421087
2014,Finland,From 15 to 29 years,994351
2014,Finland,From 15 to 19 years,313546
2014,Finland,From 20 to 24 years,340871
2014,Finland,From 25 to 29 years,339934
2014,Sweden,From 15 to 29 years,1846822
2014,Sweden,From 15 to 19 years,543627
2014,Sweden,From 20 to 24 years,671940
2014,Sweden,From 25 to 29 years,631255
2014,Iceland,From 15 to 29 years,69950
2014,Iceland,From 15 to 19 years,22445
2014,Iceland,From 20 to 24 years,24754
2014,Iceland,From 25 to 29 years,22751
2014,Liechtenstein,From 15 to 29 years,6704
2014,Liechtenstein,From 15 to 19 years,2155
2014,Liechtenstein,From 20 to 24 years,2257
2014,Liechtenstein,From 25 to 29 years,2292
2014,Norway,From 15 to 29 years,1009557
2014,Norway,From 15 to 19 years,325578
2014,Norway,From 20 to 24 years,341901
2014,Norway,From 25 to 29 years,342078
2014,Switzerland,From 15 to 29 years,1483402
2014,Switzerland,From 15 to 19 years,441234
2014,Switzerland,From 20 to 24 years,498961
2014,Switzerland,From 25 to 29 years,543207
2014,United Kingdom,From 15 to 29 years,12552149
2014,United Kingdom,From 15 to 19 years,3866445
2014,United Kingdom,From 20 to 24 years,4314134
2014,United Kingdom,From 25 to 29 years,4371570
2014,North Macedonia,From 15 to 29 years,0
2014,North Macedonia,From 15 to 19 years,0
2014,North Macedonia,From 20 to 24 years,0
2014,North Macedonia,From 25 to 29 years,0
2014,Albania,From 15 to 29 years,0
2014,Albania,From 15 to 19 years,0
2014,Albania,From 20 to 24 years,0
2014,Albania,From 25 to 29 years,0
2014,Serbia,From 15 to 29 years,0
2014,Serbia,From 15 to 19 years,0
2014,Serbia,From 20 to 24 years,0
2014,Serbia,From 25 to 29 years,0
2014,Turkey,From 15 to 29 years,0
2014,Turkey,From 15 to 19 years,0
2014,Turkey,From 20 to 24 years,0
2014,Turkey,From 25 to 29 years,0
2014,Andorra,From 15 to 29 years,0
2014,Andorra,From 15 to 19 years,0
2014,Andorra,From 20 to 24 years,0
2014,Andorra,From 25 to 29 years,0
2014,Ukraine,From 15 to 29 years,0
2014,Ukraine,From 15 to 19 years,0
2014,Ukraine,From 20 to 24 years,0
2014,Ukraine,From 25 to 29 years,0
2014,Montenegro,From 15 to 29 years,0
2014,Montenegro,From 15 to 19 years,0
2014,Montenegro,From 20 to 24 years,0
2014,Montenegro,From 25 to 29 years,0
2015,Belgium,From 15 to 29 years,2040038
2015,Belgium,From 15 to 19 years,628388
2015,Belgium,From 20 to 24 years,695568
2015,Belgium,From 25 to 29 years,716082
2015,Bulgaria,From 15 to 29 years,1204894
2015,Bulgaria,From 15 to 19 years,313313
2015,Bulgaria,From 20 to 24 years,404960
2015,Bulgaria,From 25 to 29 years,486621
2015,Czechia,From 15 to 29 years,1784011
2015,Czechia,From 15 to 19 years,463083
2015,Czechia,From 20 to 24 years,623989
2015,Czechia,From 25 to 29 years,696939
2015,Denmark,From 15 to 29 years,1076302
2015,Denmark,From 15 to 19 years,352904
2015,Denmark,From 20 to 24 years,377040
2015,Denmark,From 25 to 29 years,346358
2015,Germany (until 1990 former territory of the FRG),From 15 to 29 years,13819942
2015,Germany (until 1990 former territory of the FRG),From 15 to 19 years,4066788
2015,Germany (until 1990 former territory of the FRG),From 20 to 24 years,4586328
2015,Germany (until 1990 former territory of the FRG),From 25 to 29 years,5166826
2015,Estonia,From 15 to 29 years,239824
2015,Estonia,From 15 to 19 years,60271
2015,Estonia,From 20 to 24 years,80499
2015,Estonia,From 25 to 29 years,99054
2015,Ireland,From 15 to 29 years,871041
2015,Ireland,From 15 to 19 years,294505
2015,Ireland,From 20 to 24 years,275991
2015,Ireland,From 25 to 29 years,300545
2015,Greece,From 15 to 29 years,1723902
2015,Greece,From 15 to 19 years,537646
2015,Greece,From 20 to 24 years,575134
2015,Greece,From 25 to 29 years,611122
2015,Spain,From 15 to 29 years,7112935
2015,Spain,From 15 to 19 years,2153295
2015,Spain,From 20 to 24 years,2319300
2015,Spain,From 25 to 29 years,2640340
2015,France,From 15 to 29 years,11827818
2015,France,From 15 to 19 years,4021728
2015,France,From 20 to 24 years,3837503
2015,France,From 25 to 29 years,3968587
2015,Croatia,From 15 to 29 years,755363
2015,Croatia,From 15 to 19 years,241956
2015,Croatia,From 20 to 24 years,246590
2015,Croatia,From 25 to 29 years,266817
2015,Italy,From 15 to 29 years,9228985
2015,Italy,From 15 to 19 years,2863938
2015,Italy,From 20 to 24 years,3082634
2015,Italy,From 25 to 29 years,3282413
2015,Cyprus,From 15 to 29 years,190882
2015,Cyprus,From 15 to 19 years,52901
2015,Cyprus,From 20 to 24 years,66326
2015,Cyprus,From 25 to 29 years,71655
2015,Latvia,From 15 to 29 years,357099
2015,Latvia,From 15 to 19 years,87794
2015,Latvia,From 20 to 24 years,124503
2015,Latvia,From 25 to 29 years,144802
2015,Lithuania,From 15 to 29 years,572902
2015,Lithuania,From 15 to 19 years,170398
2015,Lithuania,From 20 to 24 years,207167
2015,Lithuania,From 25 to 29 years,195337
2015,Luxembourg,From 15 to 29 years,107488
2015,Luxembourg,From 15 to 19 years,32589
2015,Luxembourg,From 20 to 24 years,34703
2015,Luxembourg,From 25 to 29 years,40196
2015,Hungary,From 15 to 29 years,1760450
2015,Hungary,From 15 to 19 years,522097
2015,Hungary,From 20 to 24 years,625011
2015,Hungary,From 25 to 29 years,613342
2015,Malta,From 15 to 29 years,88569
2015,Malta,From 15 to 19 years,24718
2015,Malta,From 20 to 24 years,30592
2015,Malta,From 25 to 29 years,33259
2015,Netherlands,From 15 to 29 years,3120699
2015,Netherlands,From 15 to 19 years,1000993
2015,Netherlands,From 20 to 24 years,1069032
2015,Netherlands,From 25 to 29 years,1050674
2015,Austria,From 15 to 29 years,1580064
2015,Austria,From 15 to 19 years,460918
2015,Austria,From 20 to 24 years,549119
2015,Austria,From 25 to 29 years,570027
2015,Poland,From 15 to 29 years,7407402
2015,Poland,From 15 to 19 years,2024374
2015,Poland,From 20 to 24 years,2507493
2015,Poland,From 25 to 29 years,2875535
2015,Portugal,From 15 to 29 years,1671986
2015,Portugal,From 15 to 19 years,552373
2015,Portugal,From 20 to 24 years,553108
2015,Portugal,From 25 to 29 years,566505
2015,Romania,From 15 to 29 years,3615507
2015,Romania,From 15 to 19 years,1081303
2015,Romania,From 20 to 24 years,1128713
2015,Romania,From 25 to 29 years,1405491
2015,Slovenia,From 15 to 29 years,335499
2015,Slovenia,From 15 to 19 years,94991
2015,Slovenia,From 20 to 24 years,107718
2015,Slovenia,From 25 to 29 years,132790
2015,Slovakia,From 15 to 29 years,1071419
2015,Slovakia,From 15 to 19 years,291990
2015,Slovakia,From 20 to 24 years,367245
2015,Slovakia,From 25 to 29 years,412184
2015,Finland,From 15 to 29 years,988233
2015,Finland,From 15 to 19 years,306582
2015,Finland,From 20 to 24 years,342086
2015,Finland,From 25 to 29 years,339565
2015,Sweden,From 15 to 29 years,1854520
2015,Sweden,From 15 to 19 years,527236
2015,Sweden,From 20 to 24 years,671529
2015,Sweden,From 25 to 29 years,655755
2015,Iceland,From 15 to 29 years,70383
2015,Iceland,From 15 to 19 years,22110
2015,Iceland,From 20 to 24 years,25039
2015,Iceland,From 25 to 29 years,23234
2015,Liechtenstein,From 15 to 29 years,6677
2015,Liechtenstein,From 15 to 19 years,2158
2015,Liechtenstein,From 20 to 24 years,2229
2015,Liechtenstein,From 25 to 29 years,2290
2015,Norway,From 15 to 29 years,1024156
2015,Norway,From 15 to 19 years,326523
2015,Norway,From 20 to 24 years,344192
2015,Norway,From 25 to 29 years,353441
2015,Switzerland,From 15 to 29 years,1488528
2015,Switzerland,From 15 to 19 years,438771
2015,Switzerland,From 20 to 24 years,498313
2015,Switzerland,From 25 to 29 years,551444
2015,United Kingdom,From 15 to 29 years,12557991
2015,United Kingdom,From 15 to 19 years,3836779
2015,United Kingdom,From 20 to 24 years,4304381
2015,United Kingdom,From 25 to 29 years,4416831
2015,North Macedonia,From 15 to 29 years,0
2015,North Macedonia,From 15 to 19 years,0
2015,North Macedonia,From 20 to 24 years,0
2015,North Macedonia,From 25 to 29 years,0
2015,Albania,From 15 to 29 years,0
2015,Albania,From 15 to 19 years,0
2015,Albania,From 20 to 24 years,0
2015,Albania,From 25 to 29 years,0
2015,Serbia,From 15 to 29 years,0
2015,Serbia,From 15 to 19 years,0
2015,Serbia,From 20 to 24 years,0
2015,Serbia,From 25 to 29 years,0
2015,Turkey,From 15 to 29 years,0
2015,Turkey,From 15 to 19 years,0
2015,Turkey,From 20 to 24 years,0
2015,Turkey,From 25 to 29 years,0
2015,Andorra,From 15 to 29 years,0
2015,Andorra,From 15 to 19 years,0
2015,Andorra,From 20 to 24 years,0
2015,Andorra,From 25 to 29 years,0
2015,Ukraine,From 15 to 29 years,0
2015,Ukraine,From 15 to 19 years,0
2015,Ukraine,From 20 to 24 years,0
2015,Ukraine,From 25 to 29 years,0
2015,Montenegro,From 15 to 29 years,0
2015,Montenegro,From 15 to 19 years,0
2015,Montenegro,From 20 to 24 years,0
2015,Montenegro,From 25 to 29 years,0
2016,Belgium,From 15 to 29 years,2057718
2016,Belgium,From 15 to 19 years,634837
2016,Belgium,From 20 to 24 years,691260
2016,Belgium,From 25 to 29 years,731621
2016,Bulgaria,From 15 to 29 years,1169398
2016,Bulgaria,From 15 to 19 years,313051
2016,Bulgaria,From 20 to 24 years,374939
2016,Bulgaria,From 25 to 29 years,481408
2016,Czechia,From 15 to 29 years,1738629
2016,Czechia,From 15 to 19 years,458003
2016,Czechia,From 20 to 24 years,590522
2016,Czechia,From 25 to 29 years,690104
2016,Denmark,From 15 to 29 years,1099696
2016,Denmark,From 15 to 19 years,350964
2016,Denmark,From 20 to 24 years,386749
2016,Denmark,From 25 to 29 years,361983
2016,Germany (until 1990 former territory of the FRG),From 15 to 29 years,14165523
2016,Germany (until 1990 former territory of the FRG),From 15 to 19 years,4189964
2016,Germany (until 1990 former territory of the FRG),From 20 to 24 years,4587878
2016,Germany (until 1990 former territory of the FRG),From 25 to 29 years,5387681
2016,Estonia,From 15 to 29 years,233567
2016,Estonia,From 15 to 19 years,59938
2016,Estonia,From 20 to 24 years,74489
2016,Estonia,From 25 to 29 years,99140
2016,Ireland,From 15 to 29 years,871341
2016,Ireland,From 15 to 19 years,300000
2016,Ireland,From 20 to 24 years,273996
2016,Ireland,From 25 to 29 years,297345
2016,Greece,From 15 to 29 years,1686525
2016,Greece,From 15 to 19 years,534745
2016,Greece,From 20 to 24 years,558125
2016,Greece,From 25 to 29 years,593655
2016,Spain,From 15 to 29 years,7030427
2016,Spain,From 15 to 19 years,2185630
2016,Spain,From 20 to 24 years,2280631
2016,Spain,From 25 to 29 years,2564166
2016,France,From 15 to 29 years,11814775
2016,France,From 15 to 19 years,4077434
2016,France,From 20 to 24 years,3785684
2016,France,From 25 to 29 years,3951657
2016,Croatia,From 15 to 29 years,739397
2016,Croatia,From 15 to 19 years,235643
2016,Croatia,From 20 to 24 years,243706
2016,Croatia,From 25 to 29 years,260048
2016,Italy,From 15 to 29 years,9178438
2016,Italy,From 15 to 19 years,2881548
2016,Italy,From 20 to 24 years,3036187
2016,Italy,From 25 to 29 years,3260703
2016,Cyprus,From 15 to 29 years,188375
2016,Cyprus,From 15 to 19 years,51747
2016,Cyprus,From 20 to 24 years,65403
2016,Cyprus,From 25 to 29 years,71225
2016,Latvia,From 15 to 29 years,341793
2016,Latvia,From 15 to 19 years,86281
2016,Latvia,From 20 to 24 years,113332
2016,Latvia,From 25 to 29 years,142180
2016,Lithuania,From 15 to 29 years,553898
2016,Lithuania,From 15 to 19 years,162142
2016,Lithuania,From 20 to 24 years,195863
2016,Lithuania,From 25 to 29 years,195893
2016,Luxembourg,From 15 to 29 years,110471
2016,Luxembourg,From 15 to 19 years,33186
2016,Luxembourg,From 20 to 24 years,35377
2016,Luxembourg,From 25 to 29 years,41908
2016,Hungary,From 15 to 29 years,1736354
2016,Hungary,From 15 to 19 years,505193
2016,Hungary,From 20 to 24 years,614937
2016,Hungary,From 25 to 29 years,616224
2016,Malta,From 15 to 29 years,89939
2016,Malta,From 15 to 19 years,24218
2016,Malta,From 20 to 24 years,30569
2016,Malta,From 25 to 29 years,35152
2016,Netherlands,From 15 to 29 years,3155675
2016,Netherlands,From 15 to 19 years,1018727
2016,Netherlands,From 20 to 24 years,1065946
2016,Netherlands,From 25 to 29 years,1071002
2016,Austria,From 15 to 29 years,1607298
2016,Austria,From 15 to 19 years,462738
2016,Austria,From 20 to 24 years,556773
2016,Austria,From 25 to 29 years,587787
2016,Poland,From 15 to 29 years,7153794
2016,Poland,From 15 to 19 years,1963253
2016,Poland,From 20 to 24 years,2398531
2016,Poland,From 25 to 29 years,2792010
2016,Portugal,From 15 to 29 years,1662944
2016,Portugal,From 15 to 19 years,560363
2016,Portugal,From 20 to 24 years,545132
2016,Portugal,From 25 to 29 years,557449
2016,Romania,From 15 to 29 years,3520506
2016,Romania,From 15 to 19 years,1083486
2016,Romania,From 20 to 24 years,1079744
2016,Romania,From 25 to 29 years,1357276
2016,Slovenia,From 15 to 29 years,327326
2016,Slovenia,From 15 to 19 years,94654
2016,Slovenia,From 20 to 24 years,104500
2016,Slovenia,From 25 to 29 years,128172
2016,Slovakia,From 15 to 29 years,1039651
2016,Slovakia,From 15 to 19 years,285969
2016,Slovakia,From 20 to 24 years,349965
2016,Slovakia,From 25 to 29 years,403717
2016,Finland,From 15 to 29 years,982915
2016,Finland,From 15 to 19 years,301171
2016,Finland,From 20 to 24 years,339216
2016,Finland,From 25 to 29 years,342528
2016,Sweden,From 15 to 29 years,1861333
2016,Sweden,From 15 to 19 years,522472
2016,Sweden,From 20 to 24 years,656448
2016,Sweden,From 25 to 29 years,682413
2016,Iceland,From 15 to 29 years,71377
2016,Iceland,From 15 to 19 years,22121
2016,Iceland,From 20 to 24 years,24886
2016,Iceland,From 25 to 29 years,24370
2016,Liechtenstein,From 15 to 29 years,6652
2016,Liechtenstein,From 15 to 19 years,2122
2016,Liechtenstein,From 20 to 24 years,2244
2016,Liechtenstein,From 25 to 29 years,2286
2016,Norway,From 15 to 29 years,1030617
2016,Norway,From 15 to 19 years,326640
2016,Norway,From 20 to 24 years,342138
2016,Norway,From 25 to 29 years,361839
2016,Switzerland,From 15 to 29 years,1495346
2016,Switzerland,From 15 to 19 years,438711
2016,Switzerland,From 20 to 24 years,496048
2016,Switzerland,From 25 to 29 years,560587
2016,United Kingdom,From 15 to 29 years,12551566
2016,United Kingdom,From 15 to 19 years,3801404
2016,United Kingdom,From 20 to 24 years,4274219
2016,United Kingdom,From 25 to 29 years,4475943
2016,North Macedonia,From 15 to 29 years,0
2016,North Macedonia,From 15 to 19 years,0
2016,North Macedonia,From 20 to 24 years,0
2016,North Macedonia,From 25 to 29 years,0
2016,Albania,From 15 to 29 years,0
2016,Albania,From 15 to 19 years,0
2016,Albania,From 20 to 24 years,0
2016,Albania,From 25 to 29 years,0
2016,Serbia,From 15 to 29 years,0
2016,Serbia,From 15 to 19 years,0
2016,Serbia,From 20 to 24 years,0
2016,Serbia,From 25 to 29 years,0
2016,Turkey,From 15 to 29 years,0
2016,Turkey,From 15 to 19 years,0
2016,Turkey,From 20 to 24 years,0
2016,Turkey,From 25 to 29 years,0
2016,Andorra,From 15 to 29 years,0
2016,Andorra,From 15 to 19 years,0
2016,Andorra,From 20 to 24 years,0
2016,Andorra,From 25 to 29 years,0
2016,Ukraine,From 15 to 29 years,0
2016,Ukraine,From 15 to 19 years,0
2016,Ukraine,From 20 to 24 years,0
2016,Ukraine,From 25 to 29 years,0
2016,Montenegro,From 15 to 29 years,0
2016,Montenegro,From 15 to 19 years,0
2016,Montenegro,From 20 to 24 years,0
2016,Montenegro,From 25 to 29 years,0
2017,Belgium,From 15 to 29 years,2052618
2017,Belgium,From 15 to 19 years,632988
2017,Belgium,From 20 to 24 years,681140
2017,Belgium,From 25 to 29 years,738490
2017,Bulgaria,From 15 to 29 years,1125125
2017,Bulgaria,From 15 to 19 years,309596
2017,Bulgaria,From 20 to 24 years,350006
2017,Bulgaria,From 25 to 29 years,465523
2017,Czechia,From 15 to 29 years,1697967
2017,Czechia,From 15 to 19 years,458673
2017,Czechia,From 20 to 24 years,553701
2017,Czechia,From 25 to 29 years,685593
2017,Denmark,From 15 to 29 years,1114789
2017,Denmark,From 15 to 19 years,349350
2017,Denmark,From 20 to 24 years,391322
2017,Denmark,From 25 to 29 years,374117
2017,Germany (until 1990 former territory of the FRG),From 15 to 29 years,14113656
2017,Germany (until 1990 former territory of the FRG),From 15 to 19 years,4172869
2017,Germany (until 1990 former territory of the FRG),From 20 to 24 years,4574031
2017,Germany (until 1990 former territory of the FRG),From 25 to 29 years,5366756
2017,Estonia,From 15 to 29 years,226511
2017,Estonia,From 15 to 19 years,59546
2017,Estonia,From 20 to 24 years,70389
2017,Estonia,From 25 to 29 years,96576
2017,Ireland,From 15 to 29 years,877128
2017,Ireland,From 15 to 19 years,307218
2017,Ireland,From 20 to 24 years,276208
2017,Ireland,From 25 to 29 years,293702
2017,Greece,From 15 to 29 years,1675737
2017,Greece,From 15 to 19 years,538027
2017,Greece,From 20 to 24 years,551499
2017,Greece,From 25 to 29 years,586211
2017,Spain,From 15 to 29 years,7002731
2017,Spain,From 15 to 19 years,2223012
2017,Spain,From 20 to 24 years,2260951
2017,Spain,From 25 to 29 years,2518768
2017,France,From 15 to 29 years,11765613
2017,France,From 15 to 19 years,4103136
2017,France,From 20 to 24 years,3752221
2017,France,From 25 to 29 years,3910256
2017,Croatia,From 15 to 29 years,720498
2017,Croatia,From 15 to 19 years,224781
2017,Croatia,From 20 to 24 years,241706
2017,Croatia,From 25 to 29 years,254011
2017,Italy,From 15 to 29 years,9145119
2017,Italy,From 15 to 19 years,2888804
2017,Italy,From 20 to 24 years,3006549
2017,Italy,From 25 to 29 years,3249766
2017,Cyprus,From 15 to 29 years,188395
2017,Cyprus,From 15 to 19 years,50442
2017,Cyprus,From 20 to 24 years,66350
2017,Cyprus,From 25 to 29 years,71603
2017,Latvia,From 15 to 29 years,325464
2017,Latvia,From 15 to 19 years,85799
2017,Latvia,From 20 to 24 years,102510
2017,Latvia,From 25 to 29 years,137155
2017,Lithuania,From 15 to 29 years,528988
2017,Lithuania,From 15 to 19 years,153051
2017,Lithuania,From 20 to 24 years,182556
2017,Lithuania,From 25 to 29 years,193381
2017,Luxembourg,From 15 to 29 years,113453
2017,Luxembourg,From 15 to 19 years,33248
2017,Luxembourg,From 20 to 24 years,37040
2017,Luxembourg,From 25 to 29 years,43165
2017,Hungary,From 15 to 29 years,1710292
2017,Hungary,From 15 to 19 years,493069
2017,Hungary,From 20 to 24 years,596660
2017,Hungary,From 25 to 29 years,620563
2017,Malta,From 15 to 29 years,90888
2017,Malta,From 15 to 19 years,23374
2017,Malta,From 20 to 24 years,30574
2017,Malta,From 25 to 29 years,36940
2017,Netherlands,From 15 to 29 years,3191735
2017,Netherlands,From 15 to 19 years,1035405
2017,Netherlands,From 20 to 24 years,1066243
2017,Netherlands,From 25 to 29 years,1090087
2017,Austria,From 15 to 29 years,1605496
2017,Austria,From 15 to 19 years,453985
2017,Austria,From 20 to 24 years,553007
2017,Austria,From 25 to 29 years,598504
2017,Poland,From 15 to 29 years,6927325
2017,Poland,From 15 to 19 years,1905208
2017,Poland,From 20 to 24 years,2289902
2017,Poland,From 25 to 29 years,2732215
2017,Portugal,From 15 to 29 years,1648640
2017,Portugal,From 15 to 19 years,558165
2017,Portugal,From 20 to 24 years,538556
2017,Portugal,From 25 to 29 years,551919
2017,Romania,From 15 to 29 years,3414369
2017,Romania,From 15 to 19 years,1075158
2017,Romania,From 20 to 24 years,1047613
2017,Romania,From 25 to 29 years,1291598
2017,Slovenia,From 15 to 29 years,319668
2017,Slovenia,From 15 to 19 years,93598
2017,Slovenia,From 20 to 24 years,102222
2017,Slovenia,From 25 to 29 years,123848
2017,Slovakia,From 15 to 29 years,1007415
2017,Slovakia,From 15 to 19 years,277754
2017,Slovakia,From 20 to 24 years,332754
2017,Slovakia,From 25 to 29 years,396907
2017,Finland,From 15 to 29 years,981543
2017,Finland,From 15 to 19 years,298664
2017,Finland,From 20 to 24 years,335040
2017,Finland,From 25 to 29 years,347839
2017,Sweden,From 15 to 29 years,1881478
2017,Sweden,From 15 to 19 years,529612
2017,Sweden,From 20 to 24 years,640179
2017,Sweden,From 25 to 29 years,711687
2017,Iceland,From 15 to 29 years,72830
2017,Iceland,From 15 to 19 years,21943
2017,Iceland,From 20 to 24 years,25186
2017,Iceland,From 25 to 29 years,25701
2017,Liechtenstein,From 15 to 29 years,6589
2017,Liechtenstein,From 15 to 19 years,2086
2017,Liechtenstein,From 20 to 24 years,2216
2017,Liechtenstein,From 25 to 29 years,2287
2017,Norway,From 15 to 29 years,1036260
2017,Norway,From 15 to 19 years,325020
2017,Norway,From 20 to 24 years,343302
2017,Norway,From 25 to 29 years,367938
2017,Switzerland,From 15 to 29 years,1500591
2017,Switzerland,From 15 to 19 years,436475
2017,Switzerland,From 20 to 24 years,495535
2017,Switzerland,From 25 to 29 years,568581
2017,United Kingdom,From 15 to 29 years,12498399
2017,United Kingdom,From 15 to 19 years,3741583
2017,United Kingdom,From 20 to 24 years,4230495
2017,United Kingdom,From 25 to 29 years,4526321
2017,North Macedonia,From 15 to 29 years,0
2017,North Macedonia,From 15 to 19 years,0
2017,North Macedonia,From 20 to 24 years,0
2017,North Macedonia,From 25 to 29 years,0
2017,Albania,From 15 to 29 years,0
2017,Albania,From 15 to 19 years,0
2017,Albania,From 20 to 24 years,0
2017,Albania,From 25 to 29 years,0
2017,Serbia,From 15 to 29 years,0
2017,Serbia,From 15 to 19 years,0
2017,Serbia,From 20 to 24 years,0
2017,Serbia,From 25 to 29 years,0
2017,Turkey,From 15 to 29 years,0
2017,Turkey,From 15 to 19 years,0
2017,Turkey,From 20 to 24 years,0
2017,Turkey,From 25 to 29 years,0
2017,Andorra,From 15 to 29 years,0
2017,Andorra,From 15 to 19 years,0
2017,Andorra,From 20 to 24 years,0
2017,Andorra,From 25 to 29 years,0
2017,Ukraine,From 15 to 29 years,0
2017,Ukraine,From 15 to 19 years,0
2017,Ukraine,From 20 to 24 years,0
2017,Ukraine,From 25 to 29 years,0
2017,Montenegro,From 15 to 29 years,0
2017,Montenegro,From 15 to 19 years,0
2017,Montenegro,From 20 to 24 years,0
2017,Montenegro,From 25 to 29 years,0
2018,Belgium,From 15 to 29 years,2048554
2018,Belgium,From 15 to 19 years,630153
2018,Belgium,From 20 to 24 years,673462
2018,Belgium,From 25 to 29 years,744939
2018,Bulgaria,From 15 to 29 years,1083467
2018,Bulgaria,From 15 to 19 years,313032
2018,Bulgaria,From 20 to 24 years,325198
2018,Bulgaria,From 25 to 29 years,445237
2018,Czechia,From 15 to 29 years,1664962
2018,Czechia,From 15 to 19 years,462200
2018,Czechia,From 20 to 24 years,525198
2018,Czechia,From 25 to 29 years,677564
2018,Denmark,From 15 to 29 years,1124329
2018,Denmark,From 15 to 19 years,345980
2018,Denmark,From 20 to 24 years,391572
2018,Denmark,From 25 to 29 years,386777
2018,Germany (until 1990 former territory of the FRG),From 15 to 29 years,13981161
2018,Germany (until 1990 former territory of the FRG),From 15 to 19 years,4080567
2018,Germany (until 1990 former territory of the FRG),From 20 to 24 years,4602514
2018,Germany (until 1990 former territory of the FRG),From 25 to 29 years,5298080
2018,Estonia,From 15 to 29 years,220149
2018,Estonia,From 15 to 19 years,60173
2018,Estonia,From 20 to 24 years,66593
2018,Estonia,From 25 to 29 years,93383
2018,Ireland,From 15 to 29 years,888314
2018,Ireland,From 15 to 19 years,313291
2018,Ireland,From 20 to 24 years,285136
2018,Ireland,From 25 to 29 years,289887
2018,Greece,From 15 to 29 years,1672774
2018,Greece,From 15 to 19 years,541581
2018,Greece,From 20 to 24 years,547434
2018,Greece,From 25 to 29 years,583759
2018,Spain,From 15 to 29 years,7037670
2018,Spain,From 15 to 19 years,2263846
2018,Spain,From 20 to 24 years,2261480
2018,Spain,From 25 to 29 years,2512344
2018,France,From 15 to 29 years,11757135
2018,France,From 15 to 19 years,4142585
2018,France,From 20 to 24 years,3728702
2018,France,From 25 to 29 years,3885848
2018,Croatia,From 15 to 29 years,699788
2018,Croatia,From 15 to 19 years,213583
2018,Croatia,From 20 to 24 years,241994
2018,Croatia,From 25 to 29 years,244211
2018,Italy,From 15 to 29 years,9133523
2018,Italy,From 15 to 19 years,2898079
2018,Italy,From 20 to 24 years,2986520
2018,Italy,From 25 to 29 years,3248924
2018,Cyprus,From 15 to 29 years,188202
2018,Cyprus,From 15 to 19 years,49202
2018,Cyprus,From 20 to 24 years,65146
2018,Cyprus,From 25 to 29 years,73854
2018,Latvia,From 15 to 29 years,311537
2018,Latvia,From 15 to 19 years,86834
2018,Latvia,From 20 to 24 years,92989
2018,Latvia,From 25 to 29 years,131714
2018,Lithuania,From 15 to 29 years,498241
2018,Lithuania,From 15 to 19 years,143700
2018,Lithuania,From 20 to 24 years,165798
2018,Lithuania,From 25 to 29 years,188743
2018,Luxembourg,From 15 to 29 years,115673
2018,Luxembourg,From 15 to 19 years,33113
2018,Luxembourg,From 20 to 24 years,37836
2018,Luxembourg,From 25 to 29 years,44724
2018,Hungary,From 15 to 29 years,1693559
2018,Hungary,From 15 to 19 years,489340
2018,Hungary,From 20 to 24 years,578682
2018,Hungary,From 25 to 29 years,625537
2018,Malta,From 15 to 29 years,93909
2018,Malta,From 15 to 19 years,22678
2018,Malta,From 20 to 24 years,31126
2018,Malta,From 25 to 29 years,40105
2018,Netherlands,From 15 to 29 years,3222970
2018,Netherlands,From 15 to 19 years,1048032
2018,Netherlands,From 20 to 24 years,1068781
2018,Netherlands,From 25 to 29 years,1106157
2018,Austria,From 15 to 29 years,1593658
2018,Austria,From 15 to 19 years,446497
2018,Austria,From 20 to 24 years,543335
2018,Austria,From 25 to 29 years,603826
2018,Poland,From 15 to 29 years,6709637
2018,Poland,From 15 to 19 years,1850599
2018,Poland,From 20 to 24 years,2194530
2018,Poland,From 25 to 29 years,2664508
2018,Portugal,From 15 to 29 years,1642668
2018,Portugal,From 15 to 19 years,555911
2018,Portugal,From 20 to 24 years,537290
2018,Portugal,From 25 to 29 years,549467
2018,Romania,From 15 to 29 years,3288443
2018,Romania,From 15 to 19 years,1053286
2018,Romania,From 20 to 24 years,1026812
2018,Romania,From 25 to 29 years,1208345
2018,Slovenia,From 15 to 29 years,312030
2018,Slovenia,From 15 to 19 years,93057
2018,Slovenia,From 20 to 24 years,101073
2018,Slovenia,From 25 to 29 years,117900
2018,Slovakia,From 15 to 29 years,976640
2018,Slovakia,From 15 to 19 years,269983
2018,Slovakia,From 20 to 24 years,317782
2018,Slovakia,From 25 to 29 years,388875
2018,Finland,From 15 to 29 years,978132
2018,Finland,From 15 to 19 years,296055
2018,Finland,From 20 to 24 years,327752
2018,Finland,From 25 to 29 years,354325
2018,Sweden,From 15 to 29 years,1895760
2018,Sweden,From 15 to 19 years,544838
2018,Sweden,From 20 to 24 years,616919
2018,Sweden,From 25 to 29 years,734003
2018,Iceland,From 15 to 29 years,75577
2018,Iceland,From 15 to 19 years,21925
2018,Iceland,From 20 to 24 years,25721
2018,Iceland,From 25 to 29 years,27931
2018,Liechtenstein,From 15 to 29 years,6582
2018,Liechtenstein,From 15 to 19 years,2036
2018,Liechtenstein,From 20 to 24 years,2262
2018,Liechtenstein,From 25 to 29 years,2284
2018,Norway,From 15 to 29 years,1035904
2018,Norway,From 15 to 19 years,321959
2018,Norway,From 20 to 24 years,342370
2018,Norway,From 25 to 29 years,371575
2018,Switzerland,From 15 to 29 years,1492965
2018,Switzerland,From 15 to 19 years,431439
2018,Switzerland,From 20 to 24 years,488709
2018,Switzerland,From 25 to 29 years,572817
2018,United Kingdom,From 15 to 29 years,12418221
2018,United Kingdom,From 15 to 19 years,3678852
2018,United Kingdom,From 20 to 24 years,4194671
2018,United Kingdom,From 25 to 29 years,4544698
2018,North Macedonia,From 15 to 29 years,0
2018,North Macedonia,From 15 to 19 years,0
2018,North Macedonia,From 20 to 24 years,0
2018,North Macedonia,From 25 to 29 years,0
2018,Albania,From 15 to 29 years,0
2018,Albania,From 15 to 19 years,0
2018,Albania,From 20 to 24 years,0
2018,Albania,From 25 to 29 years,0
2018,Serbia,From 15 to 29 years,0
2018,Serbia,From 15 to 19 years,0
2018,Serbia,From 20 to 24 years,0
2018,Serbia,From 25 to 29 years,0
2018,Turkey,From 15 to 29 years,0
2018,Turkey,From 15 to 19 years,0
2018,Turkey,From 20 to 24 years,0
2018,Turkey,From 25 to 29 years,0
2018,Andorra,From 15 to 29 years,0
2018,Andorra,From 15 to 19 years,0
2018,Andorra,From 20 to 24 years,0
2018,Andorra,From 25 to 29 years,0
2018,Ukraine,From 15 to 29 years,0
2018,Ukraine,From 15 to 19 years,0
2018,Ukraine,From 20 to 24 years,0
2018,Ukraine,From 25 to 29 years,0
2018,Montenegro,From 15 to 29 years,0
2018,Montenegro,From 15 to 19 years,0
2018,Montenegro,From 20 to 24 years,0
2018,Montenegro,From 25 to 29 years,0
2019,Belgium,From 15 to 29 years,2048369
2019,Belgium,From 15 to 19 years,631502
2019,Belgium,From 20 to 24 years,670320
2019,Belgium,From 25 to 29 years,746547
2019,Bulgaria,From 15 to 29 years,1042915
2019,Bulgaria,From 15 to 19 years,315547
2019,Bulgaria,From 20 to 24 years,307744
2019,Bulgaria,From 25 to 29 years,419624
2019,Czechia,From 15 to 29 years,1634385
2019,Czechia,From 15 to 19 years,467391
2019,Czechia,From 20 to 24 years,498017
2019,Czechia,From 25 to 29 years,668977
2019,Denmark,From 15 to 29 years,1128294
2019,Denmark,From 15 to 19 years,344415
2019,Denmark,From 20 to 24 years,388990
2019,Denmark,From 25 to 29 years,394889
2019,Germany (until 1990 former territory of the FRG),From 15 to 29 years,13804084
2019,Germany (until 1990 former territory of the FRG),From 15 to 19 years,4003477
2019,Germany (until 1990 former territory of the FRG),From 20 to 24 years,4607272
2019,Germany (until 1990 former territory of the FRG),From 25 to 29 years,5193335
2019,Estonia,From 15 to 29 years,214052
2019,Estonia,From 15 to 19 years,61227
2019,Estonia,From 20 to 24 years,64692
2019,Estonia,From 25 to 29 years,88133
2019,Ireland,From 15 to 29 years,905240
2019,Ireland,From 15 to 19 years,319337
2019,Ireland,From 20 to 24 years,296182
2019,Ireland,From 25 to 29 years,289721
2019,Greece,From 15 to 29 years,1667431
2019,Greece,From 15 to 19 years,546137
2019,Greece,From 20 to 24 years,552322
2019,Greece,From 25 to 29 years,568972
2019,Spain,From 15 to 29 years,7145603
2019,Spain,From 15 to 19 years,2332161
2019,Spain,From 20 to 24 years,2288322
2019,Spain,From 25 to 29 years,2525120
2019,France,From 15 to 29 years,11719270
2019,France,From 15 to 19 years,4156881
2019,France,From 20 to 24 years,3748194
2019,France,From 25 to 29 years,3814195
2019,Croatia,From 15 to 29 years,684437
2019,Croatia,From 15 to 19 years,204449
2019,Croatia,From 20 to 24 years,240575
2019,Croatia,From 25 to 29 years,239413
2019,Italy,From 15 to 29 years,9011582
2019,Italy,From 15 to 19 years,2873676
2019,Italy,From 20 to 24 years,2962307
2019,Italy,From 25 to 29 years,3175599
2019,Cyprus,From 15 to 29 years,186729
2019,Cyprus,From 15 to 19 years,48856
2019,Cyprus,From 20 to 24 years,63295
2019,Cyprus,From 25 to 29 years,74578
2019,Latvia,From 15 to 29 years,299796
2019,Latvia,From 15 to 19 years,88927
2019,Latvia,From 20 to 24 years,87077
2019,Latvia,From 25 to 29 years,123792
2019,Lithuania,From 15 to 29 years,482141
2019,Lithuania,From 15 to 19 years,136819
2019,Lithuania,From 20 to 24 years,157609
2019,Lithuania,From 25 to 29 years,187713
2019,Luxembourg,From 15 to 29 years,117369
2019,Luxembourg,From 15 to 19 years,33206
2019,Luxembourg,From 20 to 24 years,38038
2019,Luxembourg,From 25 to 29 years,46125
2019,Hungary,From 15 to 29 years,1678211
2019,Hungary,From 15 to 19 years,487054
2019,Hungary,From 20 to 24 years,561803
2019,Hungary,From 25 to 29 years,629354
2019,Malta,From 15 to 29 years,97888
2019,Malta,From 15 to 19 years,22320
2019,Malta,From 20 to 24 years,32057
2019,Malta,From 25 to 29 years,43511
2019,Netherlands,From 15 to 29 years,3253807
2019,Netherlands,From 15 to 19 years,1052019
2019,Netherlands,From 20 to 24 years,1079925
2019,Netherlands,From 25 to 29 years,1121863
2019,Austria,From 15 to 29 years,1573475
2019,Austria,From 15 to 19 years,439004
2019,Austria,From 20 to 24 years,530763
2019,Austria,From 25 to 29 years,603708
2019,Poland,From 15 to 29 years,6501571
2019,Poland,From 15 to 19 years,1809745
2019,Poland,From 20 to 24 years,2102657
2019,Poland,From 25 to 29 years,2589169
2019,Portugal,From 15 to 29 years,1638779
2019,Portugal,From 15 to 19 years,552744
2019,Portugal,From 20 to 24 years,538705
2019,Portugal,From 25 to 29 years,547330
2019,Romania,From 15 to 29 years,3179678
2019,Romania,From 15 to 19 years,1036435
2019,Romania,From 20 to 24 years,1016105
2019,Romania,From 25 to 29 years,1127138
2019,Slovenia,From 15 to 29 years,309475
2019,Slovenia,From 15 to 19 years,92855
2019,Slovenia,From 20 to 24 years,101940
2019,Slovenia,From 25 to 29 years,114680
2019,Slovakia,From 15 to 29 years,947399
2019,Slovakia,From 15 to 19 years,264777
2019,Slovakia,From 20 to 24 years,302237
2019,Slovakia,From 25 to 29 years,380385
2019,Finland,From 15 to 29 years,971415
2019,Finland,From 15 to 19 years,296167
2019,Finland,From 20 to 24 years,320376
2019,Finland,From 25 to 29 years,354872
2019,Sweden,From 15 to 29 years,1898428
2019,Sweden,From 15 to 19 years,559513
2019,Sweden,From 20 to 24 years,597593
2019,Sweden,From 25 to 29 years,741322
2019,Iceland,From 15 to 29 years,77429
2019,Iceland,From 15 to 19 years,21945
2019,Iceland,From 20 to 24 years,25913
2019,Iceland,From 25 to 29 years,29571
2019,Liechtenstein,From 15 to 29 years,6512
2019,Liechtenstein,From 15 to 19 years,1973
2019,Liechtenstein,From 20 to 24 years,2222
2019,Liechtenstein,From 25 to 29 years,2317
2019,Norway,From 15 to 29 years,1032918
2019,Norway,From 15 to 19 years,320499
2019,Norway,From 20 to 24 years,341231
2019,Norway,From 25 to 29 years,371188
2019,Switzerland,From 15 to 29 years,1478445
2019,Switzerland,From 15 to 19 years,425712
2019,Switzerland,From 20 to 24 years,483445
2019,Switzerland,From 25 to 29 years,569288
2019,United Kingdom,From 15 to 29 years,12359242
2019,United Kingdom,From 15 to 19 years,3661722
2019,United Kingdom,From 20 to 24 years,4170514
2019,United Kingdom,From 25 to 29 years,4527006
2019,North Macedonia,From 15 to 29 years,0
2019,North Macedonia,From 15 to 19 years,0
2019,North Macedonia,From 20 to 24 years,0
2019,North Macedonia,From 25 to 29 years,0
2019,Albania,From 15 to 29 years,0
2019,Albania,From 15 to 19 years,0
2019,Albania,From 20 to 24 years,0
2019,Albania,From 25 to 29 years,0
2019,Serbia,From 15 to 29 years,0
2019,Serbia,From 15 to 19 years,0
2019,Serbia,From 20 to 24 years,0
2019,Serbia,From 25 to 29 years,0
2019,Turkey,From 15 to 29 years,19247865
2019,Turkey,From 15 to 19 years,6424267
2019,Turkey,From 20 to 24 years,6547129
2019,Turkey,From 25 to 29 years,6276469
2019,Andorra,From 15 to 29 years,0
2019,Andorra,From 15 to 19 years,0
2019,Andorra,From 20 to 24 years,0
2019,Andorra,From 25 to 29 years,0
2019,Ukraine,From 15 to 29 years,0
2019,Ukraine,From 15 to 19 years,0
2019,Ukraine,From 20 to 24 years,0
2019,Ukraine,From 25 to 29 years,0
2019,Montenegro,From 15 to 29 years,0
2019,Montenegro,From 15 to 19 years,0
2019,Montenegro,From 20 to 24 years,0
2019,Montenegro,From 25 to 29 years,0
2020,Belgium,From 15 to 29 years,2053195
2020,Belgium,From 15 to 19 years,636442
2020,Belgium,From 20 to 24 years,672317
2020,Belgium,From 25 to 29 years,744436
2020,Bulgaria,From 15 to 29 years,1005227
2020,Bulgaria,From 15 to 19 years,312977
2020,Bulgaria,From 20 to 24 years,301636
2020,Bulgaria,From 25 to 29 years,390614
2020,Czechia,From 15 to 29 years,1612954
2020,Czechia,From 15 to 19 years,478030
2020,Czechia,From 20 to 24 years,483032
2020,Czechia,From 25 to 29 years,651892
2020,Denmark,From 15 to 29 years,1125983
2020,Denmark,From 15 to 19 years,343282
2020,Denmark,From 20 to 24 years,381891
2020,Denmark,From 25 to 29 years,400810
2020,Germany (until 1990 former territory of the FRG),From 15 to 29 years,13622145
2020,Germany (until 1990 former territory of the FRG),From 15 to 19 years,3939243
2020,Germany (until 1990 former territory of the FRG),From 20 to 24 years,4608431
2020,Germany (until 1990 former territory of the FRG),From 25 to 29 years,5074471
2020,Estonia,From 15 to 29 years,207650
2020,Estonia,From 15 to 19 years,62917
2020,Estonia,From 20 to 24 years,63051
2020,Estonia,From 25 to 29 years,81682
2020,Ireland,From 15 to 29 years,919301
2020,Ireland,From 15 to 19 years,323325
2020,Ireland,From 20 to 24 years,305817
2020,Ireland,From 25 to 29 years,290159
2020,Greece,From 15 to 29 years,1673987
2020,Greece,From 15 to 19 years,549705
2020,Greece,From 20 to 24 years,559606
2020,Greece,From 25 to 29 years,564676
2020,Spain,From 15 to 29 years,7297158
2020,Spain,From 15 to 19 years,2399993
2020,Spain,From 20 to 24 years,2352185
2020,Spain,From 25 to 29 years,2544980
2020,France,From 15 to 29 years,11693634
2020,France,From 15 to 19 years,4173149
2020,France,From 20 to 24 years,3772518
2020,France,From 25 to 29 years,3747967
2020,Croatia,From 15 to 29 years,675419
2020,Croatia,From 15 to 19 years,198576
2020,Croatia,From 20 to 24 years,238386
2020,Croatia,From 25 to 29 years,238457
2020,Italy,From 15 to 29 years,8955438
2020,Italy,From 15 to 19 years,2871056
2020,Italy,From 20 to 24 years,2955888
2020,Italy,From 25 to 29 years,3128494
2020,Cyprus,From 15 to 29 years,188353
2020,Cyprus,From 15 to 19 years,49531
2020,Cyprus,From 20 to 24 years,63488
2020,Cyprus,From 25 to 29 years,75334
2020,Latvia,From 15 to 29 years,289064
2020,Latvia,From 15 to 19 years,89522
2020,Latvia,From 20 to 24 years,83996
2020,Latvia,From 25 to 29 years,115546
2020,Lithuania,From 15 to 29 years,470662
2020,Lithuania,From 15 to 19 years,130926
2020,Lithuania,From 20 to 24 years,154360
2020,Lithuania,From 25 to 29 years,185376
2020,Luxembourg,From 15 to 29 years,119444
2020,Luxembourg,From 15 to 19 years,33331
2020,Luxembourg,From 20 to 24 years,38540
2020,Luxembourg,From 25 to 29 years,47573
2020,Hungary,From 15 to 29 years,1659697
2020,Hungary,From 15 to 19 years,487664
2020,Hungary,From 20 to 24 years,541142
2020,Hungary,From 25 to 29 years,630891
2020,Malta,From 15 to 29 years,101124
2020,Malta,From 15 to 19 years,22146
2020,Malta,From 20 to 24 years,32780
2020,Malta,From 25 to 29 years,46198
2020,Netherlands,From 15 to 29 years,3282708
2020,Netherlands,From 15 to 19 years,1049158
2020,Netherlands,From 20 to 24 years,1094585
2020,Netherlands,From 25 to 29 years,1138965
2020,Austria,From 15 to 29 years,1557027
2020,Austria,From 15 to 19 years,437855
2020,Austria,From 20 to 24 years,517770
2020,Austria,From 25 to 29 years,601402
2020,Poland,From 15 to 29 years,6313453
2020,Poland,From 15 to 19 years,1786579
2020,Poland,From 20 to 24 years,2018851
2020,Poland,From 25 to 29 years,2508023
2020,Portugal,From 15 to 29 years,1643446
2020,Portugal,From 15 to 19 years,545322
2020,Portugal,From 20 to 24 years,550444
2020,Portugal,From 25 to 29 years,547680
2020,Romania,From 15 to 29 years,3082216
2020,Romania,From 15 to 19 years,1025575
2020,Romania,From 20 to 24 years,1001902
2020,Romania,From 25 to 29 years,1054739
2020,Slovenia,From 15 to 29 years,310694
2020,Slovenia,From 15 to 19 years,93729
2020,Slovenia,From 20 to 24 years,103089
2020,Slovenia,From 25 to 29 years,113876
2020,Slovakia,From 15 to 29 years,922830
2020,Slovakia,From 15 to 19 years,262751
2020,Slovakia,From 20 to 24 years,292244
2020,Slovakia,From 25 to 29 years,367835
2020,Finland,From 15 to 29 years,966300
2020,Finland,From 15 to 19 years,296671
2020,Finland,From 20 to 24 years,313944
2020,Finland,From 25 to 29 years,355685
2020,Sweden,From 15 to 29 years,1896304
2020,Sweden,From 15 to 19 years,568909
2020,Sweden,From 20 to 24 years,587699
2020,Sweden,From 25 to 29 years,739696
2020,Iceland,From 15 to 29 years,78580
2020,Iceland,From 15 to 19 years,22243
2020,Iceland,From 20 to 24 years,25770
2020,Iceland,From 25 to 29 years,30567
2020,Liechtenstein,From 15 to 29 years,6485
2020,Liechtenstein,From 15 to 19 years,1976
2020,Liechtenstein,From 20 to 24 years,2211
2020,Liechtenstein,From 25 to 29 years,2298
2020,Norway,From 15 to 29 years,1030374
2020,Norway,From 15 to 19 years,318622
2020,Norway,From 20 to 24 years,340829
2020,Norway,From 25 to 29 years,370923
2020,Switzerland,From 15 to 29 years,1467630
2020,Switzerland,From 15 to 19 years,422280
2020,Switzerland,From 20 to 24 years,479503
2020,Switzerland,From 25 to 29 years,565847
2020,United Kingdom,From 15 to 29 years,0
2020,United Kingdom,From 15 to 19 years,0
2020,United Kingdom,From 20 to 24 years,0
2020,United Kingdom,From 25 to 29 years,0
2020,North Macedonia,From 15 to 29 years,0
2020,North Macedonia,From 15 to 19 years,0
2020,North Macedonia,From 20 to 24 years,0
2020,North Macedonia,From 25 to 29 years,0
2020,Albania,From 15 to 29 years,0
2020,Albania,From 15 to 19 years,0
2020,Albania,From 20 to 24 years,0
2020,Albania,From 25 to 29 years,0
2020,Serbia,From 15 to 29 years,0
2020,Serbia,From 15 to 19 years,0
2020,Serbia,From 20 to 24 years,0
2020,Serbia,From 25 to 29 years,0
2020,Turkey,From 15 to 29 years,19322983
2020,Turkey,From 15 to 19 years,6331594
2020,Turkey,From 20 to 24 years,6624078
2020,Turkey,From 25 to 29 years,6367311
2020,Andorra,From 15 to 29 years,0
2020,Andorra,From 15 to 19 years,0
2020,Andorra,From 20 to 24 years,0
2020,Andorra,From 25 to 29 years,0
2020,Ukraine,From 15 to 29 years,0
2020,Ukraine,From 15 to 19 years,0
2020,Ukraine,From 20 to 24 years,0
2020,Ukraine,From 25 to 29 years,0
2020,Montenegro,From 15 to 29 years,0
2020,Montenegro,From 15 to 19 years,0
2020,Montenegro,From 20 to 24 years,0
2020,Montenegro,From 25 to 29 years,0
2021,Belgium,From 15 to 29 years,2054632
2021,Belgium,From 15 to 19 years,640925
2021,Belgium,From 20 to 24 years,675228
2021,Belgium,From 25 to 29 years,738479
2021,Bulgaria,From 15 to 29 years,985044
2021,Bulgaria,From 15 to 19 years,314238
2021,Bulgaria,From 20 to 24 years,306421
2021,Bulgaria,From 25 to 29 years,364385
2021,Czechia,From 15 to 29 years,1589285
2021,Czechia,From 15 to 19 years,490450
2021,Czechia,From 20 to 24 years,477910
2021,Czechia,From 25 to 29 years,620925
2021,Denmark,From 15 to 29 years,1120206
2021,Denmark,From 15 to 19 years,341466
2021,Denmark,From 20 to 24 years,375904
2021,Denmark,From 25 to 29 years,402836
2021,Germany (until 1990 former territory of the FRG),From 15 to 29 years,13340204
2021,Germany (until 1990 former territory of the FRG),From 15 to 19 years,3856774
2021,Germany (until 1990 former territory of the FRG),From 20 to 24 years,4570491
2021,Germany (until 1990 former territory of the FRG),From 25 to 29 years,4912939
2021,Estonia,From 15 to 29 years,202520
2021,Estonia,From 15 to 19 years,64309
2021,Estonia,From 20 to 24 years,62518
2021,Estonia,From 25 to 29 years,75693
2021,Ireland,From 15 to 29 years,923451
2021,Ireland,From 15 to 19 years,323171
2021,Ireland,From 20 to 24 years,308234
2021,Ireland,From 25 to 29 years,292046
2021,Greece,From 15 to 29 years,1669223
2021,Greece,From 15 to 19 years,548300
2021,Greece,From 20 to 24 years,563050
2021,Greece,From 25 to 29 years,557873
2021,Spain,From 15 to 29 years,7362914
2021,Spain,From 15 to 19 years,2438311
2021,Spain,From 20 to 24 years,2392743
2021,Spain,From 25 to 29 years,2531860
2021,France,From 15 to 29 years,11803158
2021,France,From 15 to 19 years,4194211
2021,France,From 20 to 24 years,3892817
2021,France,From 25 to 29 years,3716130
2021,Croatia,From 15 to 29 years,666989
2021,Croatia,From 15 to 19 years,195840
2021,Croatia,From 20 to 24 years,233001
2021,Croatia,From 25 to 29 years,238148
2021,Italy,From 15 to 29 years,8859932
2021,Italy,From 15 to 19 years,2857013
2021,Italy,From 20 to 24 years,2957340
2021,Italy,From 25 to 29 years,3045579
2021,Cyprus,From 15 to 29 years,185396
2021,Cyprus,From 15 to 19 years,48183
2021,Cyprus,From 20 to 24 years,62038
2021,Cyprus,From 25 to 29 years,75175
2021,Latvia,From 15 to 29 years,279791
2021,Latvia,From 15 to 19 years,90565
2021,Latvia,From 20 to 24 years,83094
2021,Latvia,From 25 to 29 years,106132
2021,Lithuania,From 15 to 29 years,461553
2021,Lithuania,From 15 to 19 years,127278
2021,Lithuania,From 20 to 24 years,151542
2021,Lithuania,From 25 to 29 years,182733
2021,Luxembourg,From 15 to 29 years,119385
2021,Luxembourg,From 15 to 19 years,33071
2021,Luxembourg,From 20 to 24 years,38714
2021,Luxembourg,From 25 to 29 years,47600
2021,Hungary,From 15 to 29 years,1632039
2021,Hungary,From 15 to 19 years,487750
2021,Hungary,From 20 to 24 years,522549
2021,Hungary,From 25 to 29 years,621740
2021,Malta,From 15 to 29 years,96811
2021,Malta,From 15 to 19 years,21406
2021,Malta,From 20 to 24 years,30537
2021,Malta,From 25 to 29 years,44868
2021,Netherlands,From 15 to 29 years,3272163
2021,Netherlands,From 15 to 19 years,1031735
2021,Netherlands,From 20 to 24 years,1107486
2021,Netherlands,From 25 to 29 years,1132942
2021,Austria,From 15 to 29 years,1537444
2021,Austria,From 15 to 19 years,435249
2021,Austria,From 20 to 24 years,506733
2021,Austria,From 25 to 29 years,595462
2021,Poland,From 15 to 29 years,6135772
2021,Poland,From 15 to 19 years,1778465
2021,Poland,From 20 to 24 years,1957763
2021,Poland,From 25 to 29 years,2399544
2021,Portugal,From 15 to 29 years,1647827
2021,Portugal,From 15 to 19 years,536441
2021,Portugal,From 20 to 24 years,563793
2021,Portugal,From 25 to 29 years,547593
2021,Romania,From 15 to 29 years,3039883
2021,Romania,From 15 to 19 years,1026945
2021,Romania,From 20 to 24 years,1005225
2021,Romania,From 25 to 29 years,1007713
2021,Slovenia,From 15 to 29 years,310610
2021,Slovenia,From 15 to 19 years,93947
2021,Slovenia,From 20 to 24 years,103658
2021,Slovenia,From 25 to 29 years,113005
2021,Slovakia,From 15 to 29 years,898953
2021,Slovakia,From 15 to 19 years,262174
2021,Slovakia,From 20 to 24 years,286207
2021,Slovakia,From 25 to 29 years,350572
2021,Finland,From 15 to 29 years,959632
2021,Finland,From 15 to 19 years,298232
2021,Finland,From 20 to 24 years,308410
2021,Finland,From 25 to 29 years,352990
2021,Sweden,From 15 to 29 years,1873799
2021,Sweden,From 15 to 19 years,576576
2021,Sweden,From 20 to 24 years,579464
2021,Sweden,From 25 to 29 years,717759
2021,Iceland,From 15 to 29 years,77990
2021,Iceland,From 15 to 19 years,22303
2021,Iceland,From 20 to 24 years,25466
2021,Iceland,From 25 to 29 years,30221
2021,Liechtenstein,From 15 to 29 years,6449
2021,Liechtenstein,From 15 to 19 years,1966
2021,Liechtenstein,From 20 to 24 years,2153
2021,Liechtenstein,From 25 to 29 years,2330
2021,Norway,From 15 to 29 years,1021506
2021,Norway,From 15 to 19 years,316199
2021,Norway,From 20 to 24 years,338421
2021,Norway,From 25 to 29 years,366886
2021,Switzerland,From 15 to 29 years,1458164
2021,Switzerland,From 15 to 19 years,420030
2021,Switzerland,From 20 to 24 years,478181
2021,Switzerland,From 25 to 29 years,559953
2021,United Kingdom,From 15 to 29 years,0
2021,United Kingdom,From 15 to 19 years,0
2021,United Kingdom,From 20 to 24 years,0
2021,United Kingdom,From 25 to 29 years,0
2021,North Macedonia,From 15 to 29 years,0
2021,North Macedonia,From 15 to 19 years,0
2021,North Macedonia,From 20 to 24 years,0
2021,North Macedonia,From 25 to 29 years,0
2021,Albania,From 15 to 29 years,0
2021,Albania,From 15 to 19 years,0
2021,Albania,From 20 to 24 years,0
2021,Albania,From 25 to 29 years,0
2021,Serbia,From 15 to 29 years,0
2021,Serbia,From 15 to 19 years,0
2021,Serbia,From 20 to 24 years,0
2021,Serbia,From 25 to 29 years,0
2021,Turkey,From 15 to 29 years,0
2021,Turkey,From 15 to 19 years,0
2021,Turkey,From 20 to 24 years,0
2021,Turkey,From 25 to 29 years,0
2021,Andorra,From 15 to 29 years,0
2021,Andorra,From 15 to 19 years,0
2021,Andorra,From 20 to 24 years,0
2021,Andorra,From 25 to 29 years,0
2021,Ukraine,From 15 to 29 years,6480369
2021,Ukraine,From 15 to 19 years,1901428
2021,Ukraine,From 20 to 24 years,1999133
2021,Ukraine,From 25 to 29 years,2579808
2021,Montenegro,From 15 to 29 years,0
2021,Montenegro,From 15 to 19 years,0
2021,Montenegro,From 20 to 24 years,0
2021,Montenegro,From 25 to 29 years,0
